cancer_id,population_id,country,year,ASR (World),crude_rate,total
24,112,Belarus,1983,1.191937843,1.411170498,138
24,112,Belarus,1984,1.164882051,1.380680383,136
24,112,Belarus,1985,1.346782218,1.543247546,153
24,112,Belarus,1986,1.304545354,1.54301567,154
24,112,Belarus,1987,1.748502153,2.01992944,203
24,112,Belarus,1988,1.774691138,2.085999326,211
24,112,Belarus,1989,1.905336535,2.24667159,229
24,112,Belarus,1990,2.593261083,2.967285821,303
24,112,Belarus,1991,3.526195612,3.906995108,399
24,112,Belarus,1992,4.036622232,4.368283642,447
24,112,Belarus,1993,5.076258941,5.641979043,581
24,112,Belarus,1994,5.672847858,6.308502641,651
24,112,Belarus,1995,5.482454929,6.1375759,632
24,112,Belarus,1996,5.848799778,6.595619729,677
24,112,Belarus,1997,6.065985759,6.975294464,714
24,112,Belarus,1998,6.840956111,7.889189135,805
24,112,Belarus,1999,7.778218641,8.939868187,910
24,112,Belarus,2000,8.146559368,9.501491095,952
24,112,Belarus,2001,8.732836061,10.44999542,1044
24,112,Belarus,2002,8.973002994,10.76280231,1071
24,112,Belarus,2003,9.431635864,11.38363184,1124
24,112,Belarus,2004,8.70459904,10.90124268,1071
24,112,Belarus,2005,8.987150416,11.18123451,1093
24,112,Belarus,2006,8.76174963,11.29206152,1099
24,112,Belarus,2007,8.446440067,10.85330252,1053
24,112,Belarus,2008,9.534191242,12.22713932,1165
24,112,Belarus,2009,9.441386774,12.29650675,1169
24,112,Belarus,2010,9.483523001,12.30693625,1168
24,112,Belarus,2011,9.209570573,11.98120334,1135
24,112,Belarus,2012,9.376948503,12.21406953,1156
24,112,Belarus,2013,8.953775864,11.74388669,1109
24,112,Belarus,2014,9.850586031,12.95441665,1224
24,112,Belarus,2015,9.826932189,12.64126829,1196
24,112,Belarus,2016,10.41029094,13.30604679,1260
24,112,Belarus,2017,11.27045599,14.27213839,1350
24,124,Canada,1978,2.718530226,3.019913709,501
24,124,Canada,1979,2.827021673,3.17227456,530
24,124,Canada,1980,2.756254892,3.13682519,532
24,124,Canada,1981,2.897139473,3.300901396,568
24,124,Canada,1982,2.58083195,3.028232319,527
24,124,Canada,1983,2.819566153,3.271936941,580
24,124,Canada,1984,3.001511446,3.43077247,616
24,124,Canada,1985,3.153092337,3.689353769,670
24,124,Canada,1986,3.196771667,3.65796702,672
24,124,Canada,1987,3.316879917,3.903936981,728
24,124,Canada,1988,3.254054337,3.80992114,724
24,124,Canada,1989,3.392044588,4.021845842,780
24,124,Canada,1990,3.623001085,4.216833213,832
24,124,Canada,1991,3.725066706,4.509995722,901
24,124,Canada,1992,3.937457973,4.773900102,968
24,124,Canada,1993,4.233791007,5.154088239,1058
24,124,Canada,1994,4.703290522,5.657667018,1177
24,124,Canada,1995,4.446740992,5.416234542,1142
24,124,Canada,1996,4.554686165,5.653959517,1208
24,124,Canada,1997,4.730916445,5.880067698,1272
24,124,Canada,1998,4.782025329,5.889634549,1290
24,124,Canada,1999,5.441611337,6.796074844,1503
24,124,Canada,2000,6.231520956,7.796061124,1743
24,124,Canada,2001,6.592547291,8.311264858,1883
24,124,Canada,2002,7.903572912,9.927523833,2272
24,124,Canada,2003,7.745773234,9.810540214,2268
24,124,Canada,2004,8.381175895,10.57666404,2471
24,124,Canada,2005,9.264671237,11.92976072,2818
24,124,Canada,2006,9.427055341,12.20917692,2918
24,124,Canada,2007,9.929778058,12.92738266,3128
24,124,Canada,2008,10.58381446,13.92171589,3406
24,124,Canada,2009,10.9310674,14.38370472,3560
24,124,Canada,2010,11.0956901,14.67039072,3676
24,124,Canada,2011,12.78017234,17.05220301,4317
24,124,Canada,2012,13.44777787,17.98316029,4609
24,124,Canada,2013,13.36240188,18.0317364,4681
24,124,Canada,2014,13.72216075,18.48584006,4860
24,124,Canada,2015,13.05054032,17.64667541,4681
24,124,Canada,2016,12.23597832,16.40536382,4410
24,124,Canada,2017,11.5159522,15.65494274,4264
24,152,Chile,1998,1.715264617,1.676319473,6
24,152,Chile,1999,2.498386526,2.775426375,10
24,152,Chile,2000,5.175352403,5.239717055,19
24,152,Chile,2001,3.167257552,3.291431581,12
24,152,Chile,2002,2.813764429,3.001028534,11
24,152,Chile,2003,3.618846955,3.798763231,14
24,152,Chile,2004,3.454273271,3.77870806,14
24,152,Chile,2005,3.413073618,3.758631429,14
24,152,Chile,2006,5.542792973,6.415637046,24
24,152,Chile,2007,4.298195396,5.057940034,19
24,152,Chile,2008,3.027232985,3.450985389,13
24,152,Chile,2009,4.561754753,5.288305178,20
24,152,Chile,2010,3.380415116,3.950393591,15
24,152,Chile,2011,7.357631334,8.405414137,32
24,152,Chile,2012,5.87304816,6.549303154,25
24,152,Chile,2013,4.368223598,5.136199161,20
24,152,Chile,2014,11.55062509,13.02212996,51
24,152,Chile,2015,10.20340311,12.44314878,49
24,152,Chile,2016,12.49578142,14.89316051,59
24,152,Chile,2017,11.19832471,13.55105359,54
24,156,China,2002,3.164650172,4.272893351,379
24,156,China,2003,3.217296235,4.613431048,410
24,156,China,2004,4.294106925,6.149718424,549
24,156,China,2005,5.188834668,7.573750231,678
24,156,China,2006,6.007492095,8.610857099,773
24,156,China,2007,5.948912716,8.582469829,774
24,156,China,2008,7.011341243,10.60217478,959
24,156,China,2009,9.279148412,13.71540036,1242
24,156,China,2010,11.01102683,16.41175867,1488
24,156,China,2011,14.33026483,20.7300845,1882
24,156,China,2012,17.36848748,24.95030282,2269
24,156,China,2013,21.49148547,31.31949391,2849
24,156,China,2014,26.36417105,38.77607719,3520
24,156,China,2015,26.47654293,38.21872934,3466
24,156,China,2016,28.29999146,40.179916,3642
24,156,China,2017,29.62507544,41.25911778,3764
24,170,Colombia,2003,6.964842447,6.876605384,255
24,170,Colombia,2004,6.244960564,6.291380093,237
24,170,Colombia,2005,6.934289785,6.972473409,266
24,170,Colombia,2006,6.820628162,7.050513066,274
24,170,Colombia,2007,7.892521995,8.081291203,319
24,170,Colombia,2008,8.575359929,8.948111118,361
24,170,Colombia,2009,8.009842413,8.614989493,351
24,170,Colombia,2010,8.428359718,9.177880434,378
24,170,Colombia,2011,10.5472808,11.58395992,482
24,170,Colombia,2012,10.88450539,12.10528465,510
24,170,Colombia,2013,12.03456686,13.59231348,574
24,170,Colombia,2014,13.10372638,15.01388257,641
24,170,Colombia,2015,14.24862055,16.61161511,717
24,170,Colombia,2016,15.55098725,18.23329872,796
24,170,Colombia,2017,14.86994588,17.4999202,773
24,188,Costa Rica,1982,3.307489708,2.701423896,66
24,188,Costa Rica,1983,2.527895617,1.908903923,48
24,188,Costa Rica,1984,2.514624232,2.086700876,54
24,188,Costa Rica,1985,2.967617193,2.288187886,61
24,188,Costa Rica,1986,1.734630646,1.492998203,41
24,188,Costa Rica,1987,2.411911733,1.98304005,56
24,188,Costa Rica,1988,2.608457503,1.999384328,58
24,188,Costa Rica,1989,3.139943457,2.384935271,71
24,188,Costa Rica,1990,2.650265654,2.196346852,67
24,188,Costa Rica,1991,3.983246167,3.171400756,99
24,188,Costa Rica,1992,3.197676612,2.66351724,85
24,188,Costa Rica,1993,3.33165754,2.839677315,93
24,188,Costa Rica,1994,3.51756649,3.14300184,106
24,188,Costa Rica,1995,3.67753063,3.112509435,108
24,188,Costa Rica,1996,3.671697083,3.31030149,118
24,188,Costa Rica,1997,4.210340736,3.719403801,136
24,188,Costa Rica,1998,4.016777247,3.602894806,135
24,188,Costa Rica,1999,4.117802969,3.830461182,147
24,188,Costa Rica,2000,5.066055827,4.789409901,188
24,188,Costa Rica,2001,5.107388451,4.615460996,185
24,188,Costa Rica,2002,5.881199861,5.501827829,225
24,188,Costa Rica,2003,6.396484041,6.285886975,260
24,188,Costa Rica,2004,6.659925989,6.594801582,277
24,188,Costa Rica,2005,7.416373429,7.317967322,312
24,188,Costa Rica,2006,8.198385067,8.460332713,366
24,188,Costa Rica,2007,7.705616794,7.814744532,343
24,188,Costa Rica,2008,9.539076515,9.840032081,438
24,188,Costa Rica,2009,10.3941381,10.77774993,486
24,188,Costa Rica,2010,10.81536964,11.54805514,527
24,188,Costa Rica,2011,12.20500559,13.15128659,607
24,188,Costa Rica,2012,11.69561005,12.74882711,595
24,188,Costa Rica,2013,13.32463717,14.38523184,678
24,188,Costa Rica,2014,14.6874773,16.32053446,779
24,188,Costa Rica,2015,12.1776667,13.51341563,653
24,188,Costa Rica,2016,12.84517664,14.45695131,707
24,191,Croatia,1988,2.920341565,3.713718561,175
24,191,Croatia,1989,2.502472302,3.159037023,148
24,191,Croatia,1990,3.08717265,3.909520451,183
24,191,Croatia,1991,2.304363636,2.928532351,138
24,191,Croatia,1992,2.043127496,2.673977535,125
24,191,Croatia,1993,3.355817924,4.376041196,203
24,191,Croatia,1994,2.60102801,3.431116535,158
24,191,Croatia,1995,4.077747873,5.248497782,240
24,191,Croatia,1996,3.612300277,4.711199093,214
24,191,Croatia,1997,3.866189014,5.139761639,232
24,191,Croatia,1998,4.122919832,5.437785163,244
24,191,Croatia,1999,6.16184227,8.09007639,361
24,191,Croatia,2000,6.212482863,7.646041678,335
24,191,Croatia,2001,5.245649566,7.126159952,315
24,191,Croatia,2002,5.744088088,7.667780191,339
24,191,Croatia,2003,6.075978671,8.233403415,364
24,191,Croatia,2004,6.672201658,9.230568748,408
24,191,Croatia,2005,6.983954039,9.790302129,433
24,191,Croatia,2006,7.153340687,9.749382068,431
24,191,Croatia,2007,7.729920157,10.77711611,476
24,191,Croatia,2008,8.576993008,11.82250212,522
24,191,Croatia,2009,8.931452104,12.15451197,536
24,191,Croatia,2010,8.933756444,12.20844938,537
24,191,Croatia,2011,9.107261957,12.56826695,538
24,191,Croatia,2012,9.491058938,13.09882607,559
24,191,Croatia,2013,10.36036346,14.19446416,605
24,191,Croatia,2014,11.24395299,15.30532835,650
24,191,Croatia,2015,13.57157092,18.36513823,776
24,191,Croatia,2016,11.39138459,15.91599409,667
24,191,Croatia,2017,13.03299972,17.16304702,713
24,196,Cyprus,1998,7.133803131,8.200778488,56
24,196,Cyprus,1999,5.293238383,5.937494117,41
24,196,Cyprus,2000,5.715342457,6.307529326,44
24,196,Cyprus,2001,6.914814411,8.220665335,58
24,196,Cyprus,2002,6.497697097,7.425881298,53
24,196,Cyprus,2003,8.772553502,10.09831331,73
24,196,Cyprus,2004,8.046131129,9.276096182,68
24,196,Cyprus,2005,7.75708876,9.139625248,68
24,196,Cyprus,2006,9.694015472,11.47884462,87
24,196,Cyprus,2007,11.20928838,13.39631318,104
24,196,Cyprus,2008,15.49560387,18.57126724,148
24,196,Cyprus,2009,17.501618,21.11971092,173
24,196,Cyprus,2010,19.1881496,23.45933497,197
24,196,Cyprus,2011,22.07213295,26.79780188,231
24,196,Cyprus,2012,21.02689109,26.79361296,232
24,196,Cyprus,2013,20.69186809,25.9881893,224
24,196,Cyprus,2014,26.97597003,34.2254614,292
24,196,Cyprus,2015,33.55091308,42.10566268,355
24,196,Cyprus,2016,38.38837093,48.71545351,414
24,196,Cyprus,2017,33.27689009,42.34954341,366
24,203,Czechia,1983,1.894970956,2.538065411,262
24,203,Czechia,1984,1.759975192,2.303861747,238
24,203,Czechia,1985,2.271228729,2.930272569,303
24,203,Czechia,1986,2.064025981,2.677880897,277
24,203,Czechia,1987,2.168015142,2.773188007,287
24,203,Czechia,1988,1.956205867,2.578140842,267
24,203,Czechia,1989,2.189438423,2.933768252,304
24,203,Czechia,1990,2.095954334,2.827448445,293
24,203,Czechia,1991,2.580681329,3.404957074,351
24,203,Czechia,1992,2.304032932,3.004487347,310
24,203,Czechia,1993,2.655001181,3.581590123,370
24,203,Czechia,1994,2.555867433,3.357145525,347
24,203,Czechia,1995,3.051366037,4.162327279,430
24,203,Czechia,1996,3.24546247,4.2654866,440
24,203,Czechia,1997,3.24503747,4.464440826,460
24,203,Czechia,1998,3.081701779,4.264229535,439
24,203,Czechia,1999,3.531249962,4.95974631,510
24,203,Czechia,2000,3.863025416,5.324895013,547
24,203,Czechia,2001,3.723018852,5.134880096,525
24,203,Czechia,2002,3.592146074,5.254503237,536
24,203,Czechia,2003,4.349093822,6.05784299,618
24,203,Czechia,2004,5.212074584,7.289170301,744
24,203,Czechia,2005,5.3836535,7.807238786,799
24,203,Czechia,2006,5.25902505,7.558456774,776
24,203,Czechia,2007,5.935300135,8.466786125,874
24,203,Czechia,2008,5.908473022,8.3990975,876
24,203,Czechia,2009,6.700273592,9.56965892,1004
24,203,Czechia,2010,6.750154654,9.546224406,1004
24,203,Czechia,2011,6.764425585,9.736419315,1022
24,203,Czechia,2012,7.004510725,9.838917696,1034
24,203,Czechia,2013,7.245005247,10.18008378,1070
24,203,Czechia,2014,7.661375358,10.83157724,1140
24,203,Czechia,2015,7.901663082,11.01210649,1161
24,203,Czechia,2016,8.001602188,11.29169836,1193
24,203,Czechia,2017,7.334257874,10.26485982,1087
24,208,Denmark,1943,0.6688543855,0.784943567,31
24,208,Denmark,1944,0.5524049478,0.6503215027,26
24,208,Denmark,1945,0.7804980503,0.8890786688,36
24,208,Denmark,1946,0.7650816565,0.9026018229,37
24,208,Denmark,1947,0.7224008575,0.820069513,34
24,208,Denmark,1948,0.6293618616,0.7637965222,32
24,208,Denmark,1949,1.051225042,1.205352332,51
24,208,Denmark,1950,0.7654512641,0.9371043663,40
24,208,Denmark,1951,0.8698520321,1.069672415,46
24,208,Denmark,1952,0.8976844298,1.061776463,46
24,208,Denmark,1953,0.6814417082,0.8468221226,37
24,208,Denmark,1954,1.076410537,1.338908488,59
24,208,Denmark,1955,0.9979180849,1.216488693,54
24,208,Denmark,1956,1.051457807,1.276161307,57
24,208,Denmark,1957,1.070342608,1.403159916,63
24,208,Denmark,1958,1.01981252,1.284241646,58
24,208,Denmark,1959,1.060239421,1.472962077,67
24,208,Denmark,1960,1.167197063,1.550352896,71
24,208,Denmark,1961,1.057512069,1.366094447,63
24,208,Denmark,1962,1.384364774,1.807335264,84
24,208,Denmark,1963,0.9871557112,1.451601111,68
24,208,Denmark,1964,0.9755727472,1.334160089,63
24,208,Denmark,1965,1.368651862,1.870120548,89
24,208,Denmark,1966,1.471256641,2.021919905,97
24,208,Denmark,1967,1.531510011,2.068100908,100
24,208,Denmark,1968,1.33994661,1.849993294,90
24,208,Denmark,1969,1.305850482,1.839791188,90
24,208,Denmark,1970,1.279419171,1.724572747,85
24,208,Denmark,1971,1.137179598,1.732779072,86
24,208,Denmark,1972,1.264808535,1.843098064,92
24,208,Denmark,1973,1.199844241,1.792164299,90
24,208,Denmark,1974,1.106782847,1.605455536,81
24,208,Denmark,1975,1.581349671,2.233262709,113
24,208,Denmark,1976,1.406668291,2.109373583,107
24,208,Denmark,1977,1.44404127,2.083161784,106
24,208,Denmark,1978,1.284627813,1.880786909,96
24,208,Denmark,1979,1.470062795,2.149781323,110
24,208,Denmark,1980,1.557144513,2.284234972,117
24,208,Denmark,1981,1.54094376,2.205313087,113
24,208,Denmark,1982,1.533578634,2.246464504,115
24,208,Denmark,1983,1.424367716,2.05219855,105
24,208,Denmark,1984,1.78847831,2.621216597,134
24,208,Denmark,1985,1.462820229,2.054349077,105
24,208,Denmark,1986,1.70097919,2.306366373,118
24,208,Denmark,1987,1.316873909,1.853733048,95
24,208,Denmark,1988,1.482953209,2.105569348,108
24,208,Denmark,1989,1.307572723,1.949402099,100
24,208,Denmark,1990,1.587071187,2.297772193,118
24,208,Denmark,1991,1.552927316,2.273403376,117
24,208,Denmark,1992,1.547415773,2.092161253,108
24,208,Denmark,1993,1.340243264,1.910970398,99
24,208,Denmark,1994,1.453883664,2.116751548,110
24,208,Denmark,1995,1.63285945,2.415774779,126
24,208,Denmark,1996,2.128006817,2.875627949,151
24,208,Denmark,1997,1.651233985,2.217958602,117
24,208,Denmark,1998,2.038667744,2.719618649,144
24,208,Denmark,1999,2.067768736,2.710038831,144
24,208,Denmark,2000,2.350199517,3.208243121,171
24,208,Denmark,2001,2.006493861,2.617207918,140
24,208,Denmark,2002,1.831129052,2.514737292,135
24,208,Denmark,2003,2.148646364,2.97209776,160
24,208,Denmark,2004,2.688197557,3.702896609,200
24,208,Denmark,2005,2.308886095,3.046541179,165
24,208,Denmark,2006,2.257761044,3.072921909,167
24,208,Denmark,2007,2.512179998,3.426530693,187
24,208,Denmark,2008,2.774735597,3.680072698,202
24,208,Denmark,2009,2.901570404,3.859086455,213
24,208,Denmark,2010,3.027317551,4.148764597,230
24,208,Denmark,2011,3.564849029,4.868097899,271
24,208,Denmark,2012,3.651853581,5.029456327,281
24,208,Denmark,2013,3.889232046,5.259607073,295
24,208,Denmark,2014,4.639496928,6.383296756,360
24,208,Denmark,2015,4.467297618,6.445536624,366
24,208,Denmark,2016,5.151927714,7.267066076,416
24,208,Denmark,2017,5.475226723,7.672686659,442
24,208,Denmark,2018,5.00501343,7.184854741,416
24,208,Denmark,2019,5.893688344,8.427264367,490
24,208,Denmark,2020,6.189056423,8.669026358,505
24,208,Denmark,2021,6.068932369,8.768947465,513
24,208,Denmark,2022,6.336675945,9.085407398,537
24,218,Ecuador,1985,3.852357599,2.694877039,27
24,218,Ecuador,1986,5.618338234,4.051570707,42
24,218,Ecuador,1987,4.842666219,3.356643357,36
24,218,Ecuador,1988,5.458690028,4.134612187,46
24,218,Ecuador,1989,5.295846305,4.245684781,49
24,218,Ecuador,1990,3.913523803,3.573555688,39
24,218,Ecuador,1991,6.263205176,4.93237711,55
24,218,Ecuador,1992,5.644857695,4.650464915,53
24,218,Ecuador,1993,5.476407504,4.721828498,55
24,218,Ecuador,1994,5.989180066,5.123944866,61
24,218,Ecuador,1995,6.227024492,5.506503839,67
24,218,Ecuador,1996,4.671585431,3.859839575,48
24,218,Ecuador,1997,5.892805488,5.507470096,70
24,218,Ecuador,1998,5.624678669,5.304492396,73
24,218,Ecuador,1999,5.416316196,4.934263454,69
24,218,Ecuador,2000,5.696481487,5.209147263,74
24,218,Ecuador,2001,6.098799164,6.030062983,87
24,218,Ecuador,2002,8.686850155,7.508716938,110
24,218,Ecuador,2003,7.009040682,6.610682728,98
24,218,Ecuador,2004,9.958120064,9.061169557,136
24,218,Ecuador,2005,11.92946495,10.9871457,167
24,218,Ecuador,2006,12.25334057,11.1045667,171
24,218,Ecuador,2007,14.48072777,13.08282712,204
24,218,Ecuador,2008,14.76884743,14.36403551,226
24,218,Ecuador,2009,12.68477259,12.52927936,200
24,218,Ecuador,2010,19.51832386,19.33117829,313
24,218,Ecuador,2011,23.27591423,23.13546941,381
24,218,Ecuador,2012,23.80395654,23.52307416,393
24,218,Ecuador,2013,27.29303201,27.83998812,495
24,218,Ecuador,2014,30.16250541,30.52548547,553
24,218,Ecuador,2015,25.79411384,26.66470114,492
24,218,Ecuador,2016,30.76728613,32.25821906,606
24,218,Ecuador,2017,34.65910023,36.55926576,699
24,233,Estonia,1983,1.252877102,1.78980171,27
24,233,Estonia,1984,2.063039933,2.700118278,41
24,233,Estonia,1985,2.029398008,2.682094598,41
24,233,Estonia,1986,2.056874159,2.856948065,44
24,233,Estonia,1987,2.173529139,2.963602452,46
24,233,Estonia,1988,2.033755256,2.625043297,41
24,233,Estonia,1989,1.797938415,2.550807299,40
24,233,Estonia,1990,1.306875319,1.784378278,28
24,233,Estonia,1991,2.118203872,2.882187696,45
24,233,Estonia,1992,1.724357916,2.348197204,36
24,233,Estonia,1993,1.996943779,2.677146804,40
24,233,Estonia,1994,2.456028584,3.076893623,45
24,233,Estonia,1995,2.503044961,3.410750407,49
24,233,Estonia,1996,3.290207369,4.37978686,62
24,233,Estonia,1997,2.763379935,3.929876709,55
24,233,Estonia,1998,3.684557755,5.049936659,70
24,233,Estonia,1999,4.333404366,6.107163266,84
24,233,Estonia,2000,3.687101058,5.225539286,73
24,233,Estonia,2001,3.11974752,4.394448587,61
24,233,Estonia,2002,2.85893313,4.349874941,60
24,233,Estonia,2003,3.613418894,5.690440061,78
24,233,Estonia,2004,3.727666918,5.577776962,76
24,233,Estonia,2005,2.982195001,5.019283645,68
24,233,Estonia,2006,3.862873976,5.79146279,78
24,233,Estonia,2007,4.668309024,6.787600322,91
24,233,Estonia,2008,4.357147688,7.030192433,94
24,233,Estonia,2009,4.264027213,6.069620799,81
24,233,Estonia,2010,3.987227852,6.534106912,87
24,233,Estonia,2011,4.249357757,7.382636792,98
24,233,Estonia,2012,3.739075158,6.048252962,80
24,233,Estonia,2013,3.66840446,5.918071134,78
24,233,Estonia,2014,3.725162323,5.553252266,73
24,233,Estonia,2015,4.281280196,6.846147293,90
24,233,Estonia,2016,3.615249178,6.079997568,80
24,233,Estonia,2017,3.629062937,6.452180989,85
24,246,Finland,1953,1.068927981,1.135425181,47
24,246,Finland,1954,1.637026898,1.600229287,67
24,246,Finland,1955,1.77941008,1.841846323,78
24,246,Finland,1956,1.66190319,1.75164009,75
24,246,Finland,1957,1.285428086,1.364473865,59
24,246,Finland,1958,1.386988923,1.445036323,63
24,246,Finland,1959,1.374271884,1.410796691,62
24,246,Finland,1960,1.462225321,1.580265999,70
24,246,Finland,1961,1.698415011,1.860567502,83
24,246,Finland,1962,1.548381923,1.647577588,74
24,246,Finland,1963,1.467451123,1.635970662,74
24,246,Finland,1964,1.798745654,2.022625707,92
24,246,Finland,1965,1.898896761,2.103541806,96
24,246,Finland,1966,1.718593282,1.921032887,88
24,246,Finland,1967,1.958587261,2.236338172,103
24,246,Finland,1968,2.284537436,2.615385796,121
24,246,Finland,1969,2.208877697,2.443885523,113
24,246,Finland,1970,2.324713163,2.691961553,124
24,246,Finland,1971,2.310539998,2.731930017,126
24,246,Finland,1972,2.938680429,3.448531157,160
24,246,Finland,1973,3.028580201,3.643314379,170
24,246,Finland,1974,2.588648191,3.112625448,146
24,246,Finland,1975,3.501341496,4.266212057,201
24,246,Finland,1976,3.001571482,3.724344346,176
24,246,Finland,1977,3.636113533,4.536916414,215
24,246,Finland,1978,3.712323601,4.5870329,218
24,246,Finland,1979,3.285075029,4.323471202,206
24,246,Finland,1980,3.392602673,4.393732863,210
24,246,Finland,1981,3.871605677,4.937537032,237
24,246,Finland,1982,3.673473271,4.661345482,225
24,246,Finland,1983,3.615371322,4.613052901,224
24,246,Finland,1984,3.711730649,4.752342526,232
24,246,Finland,1985,4.208787208,5.487325502,269
24,246,Finland,1986,4.138247783,5.205205042,256
24,246,Finland,1987,3.661802503,4.784957715,236
24,246,Finland,1988,4.167437901,5.458426451,270
24,246,Finland,1989,4.153858779,5.438755484,270
24,246,Finland,1990,3.821181378,5.133932981,256
24,246,Finland,1991,4.000992045,5.125913988,257
24,246,Finland,1992,4.933671997,6.683866218,337
24,246,Finland,1993,4.768960541,6.3950141,324
24,246,Finland,1994,4.634241476,6.426466192,327
24,246,Finland,1995,5.422970429,6.969746211,356
24,246,Finland,1996,5.547437163,7.415251963,380
24,246,Finland,1997,5.226103165,6.965204814,358
24,246,Finland,1998,4.939102173,6.713887025,346
24,246,Finland,1999,4.92005008,7.066147269,365
24,246,Finland,2000,4.227144923,5.950301268,308
24,246,Finland,2001,4.440639856,6.071694569,315
24,246,Finland,2002,4.80450654,6.710766723,349
24,246,Finland,2003,5.402604521,7.423729096,387
24,246,Finland,2004,4.815966941,6.579738251,344
24,246,Finland,2005,4.301728578,6.233207154,327
24,246,Finland,2006,4.67463792,6.608095772,348
24,246,Finland,2007,5.107645584,7.260736744,384
24,246,Finland,2008,4.98631004,6.869425767,365
24,246,Finland,2009,5.336785423,7.398568667,395
24,246,Finland,2010,5.223925379,7.588538622,407
24,246,Finland,2011,5.781313378,8.277236958,446
24,246,Finland,2012,6.373178101,9.179953973,497
24,246,Finland,2013,6.395609546,9.119370352,496
24,246,Finland,2014,6.692795352,9.594413561,524
24,246,Finland,2015,7.135419368,10.25635317,562
24,246,Finland,2016,6.578072995,9.317048516,512
24,246,Finland,2017,7.143211877,10.33002806,569
24,246,Finland,2018,6.187432675,9.28288869,512
24,246,Finland,2019,6.097968859,9.707321539,536
24,246,Finland,2020,6.17478206,8.734899858,483
24,246,Finland,2021,6.353102717,9.889881226,548
24,246,Finland,2022,6.140966725,9.611048602,534
24,250,France (metropolitan),1998,6.530899966,8.190884663,535
24,250,France (metropolitan),1999,6.629285162,8.299184066,546
24,250,France (metropolitan),2000,6.405235393,8.061564435,535
24,250,France (metropolitan),2001,7.505325186,9.51112518,637
24,250,France (metropolitan),2002,7.748038766,9.689903845,655
24,250,France (metropolitan),2003,7.485630234,9.426427539,643
24,250,France (metropolitan),2004,8.214652459,10.6607919,734
24,250,France (metropolitan),2005,8.32836676,10.54603575,733
24,250,France (metropolitan),2006,8.723163648,11.25206217,789
24,250,France (metropolitan),2007,9.001175862,11.53194292,815
24,250,France (metropolitan),2008,9.061568386,11.82805049,842
24,250,France (metropolitan),2009,10.08466861,12.88519086,924
24,250,France (metropolitan),2010,10.25910212,13.49354531,975
24,250,France (metropolitan),2011,10.19100404,13.29407005,968
24,250,France (metropolitan),2012,10.15878118,13.51971459,992
24,250,France (metropolitan),2013,10.86637224,14.06998546,1040
24,250,France (metropolitan),2014,10.4193179,13.94663785,1038
24,250,France (metropolitan),2015,10.36966141,13.81390769,1034
24,250,France (metropolitan),2016,9.723249095,12.82980919,965
24,250,France (metropolitan),2017,8.430141068,11.32078666,856
24,276,Germany,2003,2.646198166,4.022799696,252
24,276,Germany,2004,2.715452573,4.117424478,258
24,276,Germany,2005,3.319471717,4.720856248,296
24,276,Germany,2006,2.616142205,3.876048419,244
24,276,Germany,2007,2.6413867,4.13560277,261
24,276,Germany,2008,3.556136976,5.383689517,339
24,276,Germany,2009,3.879616394,5.767814483,363
24,276,Germany,2010,4.017807989,6.173626174,389
24,276,Germany,2011,4.139490554,5.891326378,367
24,276,Germany,2012,3.466358305,5.117883795,319
24,276,Germany,2013,4.283005043,5.893516142,369
24,276,Germany,2014,4.458315413,6.454299032,406
24,276,Germany,2015,4.327549311,6.408179293,407
24,276,Germany,2016,4.828063722,6.778416525,435
24,276,Germany,2017,5.420200389,7.560771248,488
24,32,Argentina,2003,4.232944972,4.495476427,72
24,32,Argentina,2004,3.729251697,3.954882209,64
24,32,Argentina,2005,4.26085294,4.527633247,74
24,32,Argentina,2006,3.894565956,4.049446767,67
24,32,Argentina,2007,3.059628391,3.343602971,56
24,32,Argentina,2008,2.955595109,3.125803567,53
24,32,Argentina,2009,4.061097849,4.248385032,73
24,32,Argentina,2010,3.812570858,3.906988396,68
24,32,Argentina,2011,3.953966347,4.189262862,73
24,32,Argentina,2012,5.703408307,6.009359861,106
24,32,Argentina,2013,3.627099115,4.035381327,72
24,32,Argentina,2014,4.040740445,4.430382901,80
24,32,Argentina,2015,3.941079866,4.320145769,79
24,32,Argentina,2016,4.182557434,4.647661335,86
24,32,Argentina,2017,5.1232352,5.50984229,103
24,352,Iceland,1955,6.656285996,6.327431948,10
24,352,Iceland,1956,3.883798126,3.718485833,6
24,352,Iceland,1957,3.798965431,3.633941009,6
24,352,Iceland,1958,3.764019809,3.555155271,6
24,352,Iceland,1959,5.239973614,5.223083709,9
24,352,Iceland,1960,5.883896136,5.686438413,10
24,352,Iceland,1961,3.808397794,4.471721948,8
24,352,Iceland,1962,6.927966499,7.140973809,13
24,352,Iceland,1963,4.486489324,4.313203254,8
24,352,Iceland,1964,3.364926031,3.706743626,7
24,352,Iceland,1965,6.418806415,6.240671496,12
24,352,Iceland,1966,10.32424983,10.735867,21
24,352,Iceland,1967,9.139040971,9.060205063,18
24,352,Iceland,1968,8.102394436,8.94472162,18
24,352,Iceland,1969,18.8145101,20.20530562,41
24,352,Iceland,1970,8.739060761,9.309025345,19
24,352,Iceland,1971,13.05541211,12.61590866,26
24,352,Iceland,1972,13.27463253,13.8576958,29
24,352,Iceland,1973,8.388511849,8.476132623,18
24,352,Iceland,1974,9.256183537,10.21735092,22
24,352,Iceland,1975,9.98963402,9.631878767,21
24,352,Iceland,1976,14.20514553,14.08284346,31
24,352,Iceland,1977,10.03002232,10.81972978,24
24,352,Iceland,1978,9.254241774,10.73455677,24
24,352,Iceland,1979,10.25580694,10.63174728,24
24,352,Iceland,1980,8.574066064,10.08091026,23
24,352,Iceland,1981,4.11774116,4.766175751,11
24,352,Iceland,1982,10.61435841,11.11177592,26
24,352,Iceland,1983,7.03709644,7.593879333,18
24,352,Iceland,1984,7.028045619,7.933790431,19
24,352,Iceland,1985,7.783777364,9.11410864,22
24,352,Iceland,1986,7.090552746,8.223954735,20
24,352,Iceland,1987,6.548454855,8.538424945,21
24,352,Iceland,1988,6.174139678,8.404370273,21
24,352,Iceland,1989,9.571641557,9.497878807,24
24,352,Iceland,1990,7.086615478,8.635307417,22
24,352,Iceland,1991,7.664589718,9.692251626,25
24,352,Iceland,1992,7.864602951,9.192866336,24
24,352,Iceland,1993,8.534566958,10.24057772,27
24,352,Iceland,1994,7.488301699,9.39916761,25
24,352,Iceland,1995,6.97726127,8.602858393,23
24,352,Iceland,1996,10.02706495,11.52836349,31
24,352,Iceland,1997,7.265698049,9.228702002,25
24,352,Iceland,1998,7.432545149,9.131652866,25
24,352,Iceland,1999,5.445988439,6.855147133,19
24,352,Iceland,2000,7.697935038,9.604131911,27
24,352,Iceland,2001,8.153824408,9.472853258,27
24,352,Iceland,2002,9.952119214,12.17260052,35
24,352,Iceland,2003,3.754483359,4.494444176,13
24,352,Iceland,2004,10.91133511,14.35617675,42
24,352,Iceland,2005,10.54288868,12.84504148,38
24,352,Iceland,2006,6.178838412,7.886953664,24
24,352,Iceland,2007,7.066757265,9.313708173,29
24,352,Iceland,2008,4.507265722,6.263270304,20
24,352,Iceland,2009,5.903210155,8.458461124,27
24,352,Iceland,2010,6.719999326,8.806028355,28
24,352,Iceland,2011,9.441102544,13.16775405,42
24,352,Iceland,2012,8.382243346,10.60313104,34
24,352,Iceland,2013,5.594414872,8.031657085,26
24,352,Iceland,2014,6.655715798,8.248279317,27
24,352,Iceland,2015,5.402105943,7.558076258,25
24,352,Iceland,2016,6.897983539,8.348489818,28
24,352,Iceland,2017,8.200013626,11.06726275,38
24,352,Iceland,2018,3.727715036,5.103342689,18
24,352,Iceland,2019,3.548822273,5.269668344,19
24,352,Iceland,2020,3.685778485,5.45757689,20
24,352,Iceland,2021,5.464918056,7.247718982,27
24,352,Iceland,2022,4.654030088,6.020737514,23
24,356,India,2003,1.386109082,1.286926026,250
24,356,India,2004,1.337585752,1.28321075,253
24,356,India,2005,1.24412097,1.168464929,234
24,356,India,2006,1.253895326,1.235569861,251
24,356,India,2007,1.306401911,1.304359421,269
24,356,India,2008,1.258201581,1.225681005,256
24,356,India,2009,1.661113146,1.629729526,344
24,356,India,2010,1.389980022,1.405264836,303
24,356,India,2011,1.538573839,1.607770364,318
24,356,India,2012,1.654010305,1.754731742,349
24,356,India,2013,1.406944521,1.529988678,306
24,356,India,2014,1.565235816,1.720364582,346
24,356,India,2015,1.673611582,1.809663365,366
24,356,India,2016,1.578152614,1.760220155,358
24,356,India,2017,1.647865858,1.84815274,378
24,36,Australia,1993,3.221542954,3.840520734,678
24,36,Australia,1994,3.396130756,4.089008459,729
24,36,Australia,1995,3.737523667,4.503846906,812
24,36,Australia,1996,4.092373933,4.958854929,905
24,36,Australia,1997,3.829258382,4.684551569,864
24,36,Australia,1998,4.293542847,5.312345241,990
24,36,Australia,1999,4.317910169,5.354587526,1009
24,36,Australia,2000,4.513090599,5.554239694,1059
24,36,Australia,2001,4.983898599,6.216861952,1201
24,36,Australia,2002,4.968495239,6.211208407,1214
24,36,Australia,2003,5.647083642,7.145289836,1413
24,36,Australia,2004,5.909063528,7.507223264,1501
24,36,Australia,2005,6.256592455,7.96660014,1613
24,36,Australia,2006,6.267190673,8.050205621,1653
24,36,Australia,2007,6.640966227,8.524389441,1782
24,36,Australia,2008,7.294790647,9.423182167,2002
24,36,Australia,2009,7.413328812,9.521519002,2065
24,36,Australia,2010,7.966012879,10.3734016,2285
24,36,Australia,2011,8.237500488,10.77155011,2406
24,36,Australia,2012,8.599832458,11.12232391,2527
24,36,Australia,2013,9.211862846,12.02705924,2782
24,36,Australia,2014,9.28795457,12.24110009,2874
24,36,Australia,2015,9.497994264,12.46602232,2969
24,36,Australia,2016,9.508820888,12.41459437,3003
24,36,Australia,2017,9.918923953,13.00485908,3199
24,372,Ireland,1994,1.493598854,1.896294445,68
24,372,Ireland,1995,1.338685639,1.6361556,59
24,372,Ireland,1996,1.536627314,1.820143863,66
24,372,Ireland,1997,1.302757975,1.610124463,59
24,372,Ireland,1998,1.415648163,1.701285578,63
24,372,Ireland,1999,1.394609358,1.683750498,63
24,372,Ireland,2000,1.976228378,2.34857249,89
24,372,Ireland,2001,1.369412104,1.637555436,63
24,372,Ireland,2002,1.814579397,2.220972464,87
24,372,Ireland,2003,1.848481724,2.286516613,91
24,372,Ireland,2004,2.213856039,2.719280291,110
24,372,Ireland,2005,2.452540503,2.97544244,123
24,372,Ireland,2006,2.816699225,3.472772636,147
24,372,Ireland,2007,2.463906808,2.993709553,131
24,372,Ireland,2008,2.677537778,3.433614191,154
24,372,Ireland,2009,3.243759964,3.970534224,180
24,372,Ireland,2010,3.649920746,4.588603183,209
24,372,Ireland,2011,4.800223431,6.011076118,275
24,372,Ireland,2012,4.369097812,5.420470701,249
24,372,Ireland,2013,5.279302176,6.82605838,315
24,372,Ireland,2014,4.965348109,6.221154509,289
24,372,Ireland,2015,4.344474615,5.588991138,262
24,372,Ireland,2016,4.104556149,5.211413544,247
24,372,Ireland,2017,4.028735361,5.258226934,252
24,376,Israel,1963,2.630147473,2.347106939,56
24,376,Israel,1964,2.891647317,2.69786635,67
24,376,Israel,1965,3.455328344,3.230634197,83
24,376,Israel,1966,2.670063786,2.504023511,66
24,376,Israel,1967,4.135375075,3.870408309,104
24,376,Israel,1968,2.518307191,2.422808605,68
24,376,Israel,1969,2.781446927,2.674476601,77
24,376,Israel,1970,3.261893435,3.143835547,93
24,376,Israel,1971,3.622021979,3.48047764,106
24,376,Israel,1972,3.332034396,3.20870939,101
24,376,Israel,1973,3.35305711,3.23380732,106
24,376,Israel,1974,4.225089334,4.086280934,138
24,376,Israel,1975,3.981808561,3.82026244,132
24,376,Israel,1976,4.473739149,4.245515321,150
24,376,Israel,1977,3.969057105,3.856825749,139
24,376,Israel,1978,3.101893049,3.033080893,112
24,376,Israel,1979,4.030217877,3.987947419,151
24,376,Israel,1980,3.922635764,3.784381296,148
24,376,Israel,1981,3.606020405,3.510688785,139
24,376,Israel,1982,4.048289231,3.988054662,161
24,376,Israel,1983,3.283044435,3.146863634,128
24,376,Israel,1984,3.851613177,3.789751313,158
24,376,Israel,1985,4.261382243,4.086453289,173
24,376,Israel,1986,3.619258821,3.582228425,154
24,376,Israel,1987,3.925814584,3.823872873,167
24,376,Israel,1988,3.661177528,3.647662794,162
24,376,Israel,1989,4.574657997,4.404213881,199
24,376,Israel,1990,6.39665469,6.116142324,285
24,376,Israel,1991,5.421038562,5.311928349,263
24,376,Israel,1992,5.697732116,5.700230352,292
24,376,Israel,1993,5.801737611,5.853176488,308
24,376,Israel,1994,6.331896996,6.445399318,348
24,376,Israel,1995,6.617662822,6.655003878,369
24,376,Israel,1996,7.129486907,7.241536893,412
24,376,Israel,1997,6.851718526,7.068228997,412
24,376,Israel,1998,7.454539465,7.687540824,459
24,376,Israel,1999,6.865345882,7.199764906,441
24,376,Israel,2000,8.176780346,8.621788136,521
24,376,Israel,2001,8.367310218,8.680639592,538
24,376,Israel,2002,8.672125034,9.198173053,580
24,376,Israel,2003,8.660869799,9.015472922,578
24,376,Israel,2004,9.922827403,10.37913747,677
24,376,Israel,2005,9.459582389,9.993217273,663
24,376,Israel,2006,9.639188641,10.15073703,716
24,376,Israel,2007,10.24518455,10.8773025,781
24,376,Israel,2008,11.25073257,11.93086882,872
24,376,Israel,2009,11.27445363,12.06329503,903
24,376,Israel,2010,11.34955435,12.19910994,930
24,376,Israel,2011,11.49994241,12.33617546,958
24,376,Israel,2012,11.65151496,12.56562823,994
24,376,Israel,2013,12.98074871,14.05802079,1133
24,376,Israel,2014,12.44650546,13.48642782,1108
24,376,Israel,2015,11.29967965,12.26708206,1028
24,376,Israel,2016,10.53140191,11.52584522,985
24,376,Israel,2017,9.815052744,10.68485686,931
24,380,Italy,2003,9.815626838,12.41947652,321
24,380,Italy,2004,9.273801779,11.85725406,308
24,380,Italy,2005,8.511018603,11.25771671,294
24,380,Italy,2006,9.310808797,12.08968948,317
24,380,Italy,2007,9.21262266,12.32935228,325
24,380,Italy,2008,10.2056358,13.42428665,356
24,380,Italy,2009,11.22260701,14.81000451,395
24,380,Italy,2010,10.38095656,13.62578372,365
24,380,Italy,2011,11.33538992,14.82356052,398
24,380,Italy,2012,10.38215679,13.76027884,370
24,380,Italy,2013,11.82967378,15.39858459,416
24,380,Italy,2014,11.67898933,15.94206367,433
24,380,Italy,2015,12.18828021,16.62527513,452
24,380,Italy,2016,10.71357624,14.2052773,386
24,380,Italy,2017,10.87172816,14.54698658,395
24,392,Japan,1978,1.934315901,2.052082035,213
24,392,Japan,1979,2.189059441,2.3336031,244
24,392,Japan,1980,1.927839724,2.152682669,227
24,392,Japan,1981,2.084850914,2.410601656,255
24,392,Japan,1982,2.425570519,2.804967503,298
24,392,Japan,1983,2.428683891,2.873950856,307
24,392,Japan,1984,2.586329511,3.059694073,329
24,392,Japan,1985,2.733058059,3.340817565,362
24,392,Japan,1986,2.778200232,3.462347479,375
24,392,Japan,1987,2.934876576,3.72745478,404
24,392,Japan,1988,3.131034347,4.015235424,436
24,392,Japan,1989,3.015248383,4.003251816,436
24,392,Japan,1990,3.392819101,4.562930261,499
24,392,Japan,1991,2.923253252,4.029157211,441
24,392,Japan,1992,3.133361462,4.34935754,477
24,392,Japan,1993,3.107703098,4.426592642,487
24,392,Japan,1994,3.31671788,4.814974208,532
24,392,Japan,1995,3.548700357,5.167130568,574
24,392,Japan,1996,3.419637338,5.056912804,561
24,392,Japan,1997,3.516502982,5.211515863,578
24,392,Japan,1998,3.369880154,5.163533135,575
24,392,Japan,1999,3.42842573,5.3657234,598
24,392,Japan,2000,3.456265923,5.280297748,589
24,392,Japan,2001,3.249709024,5.133080257,573
24,392,Japan,2002,2.937721951,4.905155945,548
24,392,Japan,2003,3.177691925,5.329319285,604
24,392,Japan,2004,3.497815632,5.762100433,653
24,392,Japan,2005,3.936431804,6.535099817,738
24,392,Japan,2006,4.441072974,7.226631412,816
24,392,Japan,2007,4.766152946,7.893069548,891
24,392,Japan,2008,4.843318148,8.378184036,932
24,392,Japan,2009,5.370717366,9.150950867,1018
24,392,Japan,2010,5.240574095,9.151233848,1018
24,392,Japan,2011,5.673046231,10.00322606,1111
24,392,Japan,2012,6.13676109,10.59614239,1177
24,392,Japan,2013,6.642734248,11.45208911,1280
24,392,Japan,2014,6.511448022,11.57875884,1293
24,392,Japan,2015,6.961893709,11.91946309,1332
24,40,Austria,1998,4.383097516,6.255649986,499
24,40,Austria,1999,3.981645082,5.555331035,444
24,40,Austria,2000,4.970243583,6.815147001,546
24,40,Austria,2001,5.508529665,7.622204264,613
24,40,Austria,2002,5.406644508,7.522777746,608
24,40,Austria,2003,5.222580246,7.267580616,590
24,40,Austria,2004,6.176854435,8.69092512,710
24,40,Austria,2005,6.550482949,9.203336349,757
24,40,Austria,2006,7.451087473,10.23228496,846
24,40,Austria,2007,7.573711722,10.63266913,882
24,40,Austria,2008,8.824613873,12.05305604,1003
24,40,Austria,2009,8.102409376,11.34090904,946
24,40,Austria,2010,8.260779674,11.45786502,958
24,40,Austria,2011,8.338073435,11.53956102,968
24,40,Austria,2012,7.742857359,10.8588444,915
24,40,Austria,2013,7.417141475,10.20380478,865
24,40,Austria,2014,7.704765453,10.60401698,906
24,40,Austria,2015,6.515456095,9.131447535,788
24,40,Austria,2016,6.856677881,9.508220205,831
24,40,Austria,2017,6.765476686,9.5053219,836
24,410,"Korea, Republic of",1999,6.132231448,6.83794391,3225
24,410,"Korea, Republic of",2000,5.937923596,6.740438423,3204
24,410,"Korea, Republic of",2001,7.705624605,9.004312295,4311
24,410,"Korea, Republic of",2002,9.251014066,11.01073658,5299
24,410,"Korea, Republic of",2003,12.74704899,15.52939162,7502
24,410,"Korea, Republic of",2004,17.19431896,21.36522928,10359
24,410,"Korea, Republic of",2005,20.64132932,26.14256967,12727
24,410,"Korea, Republic of",2006,25.36200796,32.85533747,16062
24,410,"Korea, Republic of",2007,32.69979538,43.04263189,21147
24,410,"Korea, Republic of",2008,41.41508399,55.27615997,27309
24,410,"Korea, Republic of",2009,48.20041609,65.37680655,32464
24,410,"Korea, Republic of",2010,53.68415795,73.57083191,36697
24,410,"Korea, Republic of",2011,59.25308147,82.24662621,41215
24,410,"Korea, Republic of",2012,63.24963279,88.41931608,44515
24,410,"Korea, Republic of",2013,60.89904688,85.2865948,43120
24,410,"Korea, Republic of",2014,44.08103165,61.75937043,31351
24,410,"Korea, Republic of",2015,35.85647495,50.09643441,25525
24,410,"Korea, Republic of",2016,37.3935612,52.03963621,26599
24,410,"Korea, Republic of",2017,37.59922311,52.21674131,26751
24,414,Kuwait,1998,5.003000193,3.36675049,26
24,414,Kuwait,1999,8.392448617,5.3834318,43
24,414,Kuwait,2000,4.001791087,2.904099378,24
24,414,Kuwait,2001,6.276397847,4.091997456,35
24,414,Kuwait,2002,5.620319965,4.29665946,38
24,414,Kuwait,2003,5.287110355,4.597701149,42
24,414,Kuwait,2004,6.683180107,4.878607518,46
24,414,Kuwait,2005,6.772823422,4.829001958,47
24,414,Kuwait,2006,5.972722191,4.463887153,45
24,414,Kuwait,2007,6.051555217,4.42904762,46
24,414,Kuwait,2008,6.153177392,4.764801014,51
24,414,Kuwait,2009,6.407270666,4.988730005,55
24,414,Kuwait,2010,7.432525485,5.912387245,67
24,414,Kuwait,2011,8.385331236,6.698452829,78
24,414,Kuwait,2012,6.555700097,5.602915523,67
24,414,Kuwait,2013,7.999512079,6.682906673,82
24,414,Kuwait,2014,11.05244027,8.980698651,113
24,414,Kuwait,2015,9.64715326,8.363010405,108
24,414,Kuwait,2016,11.18551155,9.382616282,124
24,414,Kuwait,2017,11.43069219,9.689671624,131
24,428,Latvia,1983,1.726917401,2.238893908,57
24,428,Latvia,1984,1.838948702,2.459016393,63
24,428,Latvia,1985,1.44750709,2.016207204,52
24,428,Latvia,1986,1.453161044,1.961387586,51
24,428,Latvia,1987,1.605725435,2.017971368,53
24,428,Latvia,1988,2.048955458,2.7131929,72
24,428,Latvia,1989,1.474707983,1.872799461,50
24,428,Latvia,1990,1.716054464,2.209241369,59
24,428,Latvia,1991,1.894953104,2.591549296,69
24,428,Latvia,1992,1.791713023,2.393889881,63
24,428,Latvia,1993,1.652583615,2.320095897,60
24,428,Latvia,1994,1.918515715,2.629822978,67
24,428,Latvia,1995,2.24135221,2.941410287,74
24,428,Latvia,1996,1.923413196,2.770305537,69
24,428,Latvia,1997,2.767496665,3.927920632,97
24,428,Latvia,1998,3.131530946,4.573295223,112
24,428,Latvia,1999,2.740185619,3.78305029,92
24,428,Latvia,2000,2.768130758,4.17193426,99
24,428,Latvia,2001,2.352274626,3.354549087,79
24,428,Latvia,2002,2.92957498,4.447059467,104
24,428,Latvia,2003,2.532128242,3.913402846,91
24,428,Latvia,2004,3.089087875,4.583151557,106
24,428,Latvia,2005,3.571080419,5.477041632,126
24,428,Latvia,2006,4.031742746,5.769361891,132
24,428,Latvia,2007,4.901568358,7.381046527,168
24,428,Latvia,2008,5.038543437,7.590152924,172
24,428,Latvia,2009,5.813645522,8.426340919,190
24,428,Latvia,2010,5.08353578,7.637310809,171
24,428,Latvia,2011,6.78399845,9.758660083,201
24,428,Latvia,2012,7.56426872,11.35515128,231
24,428,Latvia,2013,8.080301888,12.47113875,251
24,428,Latvia,2014,8.261000863,12.08758029,241
24,428,Latvia,2015,7.486171055,11.63068823,230
24,428,Latvia,2016,8.410371046,12.91121321,253
24,428,Latvia,2017,9.243219293,13.84985216,269
24,440,Lithuania,1988,1.813789222,2.216339953,81
24,440,Lithuania,1989,1.598763448,1.951351718,72
24,440,Lithuania,1990,1.674192233,1.995549924,74
24,440,Lithuania,1991,2.186912067,2.672545554,100
24,440,Lithuania,1992,2.063829494,2.565698588,96
24,440,Lithuania,1993,2.697047645,3.345385643,125
24,440,Lithuania,1994,2.727457265,3.469855563,129
24,440,Lithuania,1995,3.102567829,3.906402594,145
24,440,Lithuania,1996,2.737044983,3.398779622,126
24,440,Lithuania,1997,3.357894526,4.31969991,160
24,440,Lithuania,1998,3.178958738,4.254307275,151
24,440,Lithuania,1999,3.616055851,4.738594175,167
24,440,Lithuania,2000,3.389782364,4.400570817,154
24,440,Lithuania,2001,4.967749469,6.549275687,228
24,440,Lithuania,2002,6.824002529,8.878460221,308
24,440,Lithuania,2003,7.317654159,9.495672666,328
24,440,Lithuania,2004,6.779044498,8.96497866,308
24,440,Lithuania,2005,6.893111626,9.343046196,319
24,440,Lithuania,2006,7.463040232,9.958510136,338
24,440,Lithuania,2007,7.531068134,10.10185394,341
24,440,Lithuania,2008,9.030492853,12.20923411,410
24,440,Lithuania,2009,8.453139876,11.70849734,391
24,440,Lithuania,2010,8.553259438,11.62217584,382
24,440,Lithuania,2011,7.851418684,11.29415494,342
24,440,Lithuania,2012,8.268968112,11.7144107,350
24,440,Lithuania,2013,8.445409832,11.86737348,351
24,440,Lithuania,2014,8.375273056,11.86754591,348
24,440,Lithuania,2015,8.493379074,11.87644368,345
24,440,Lithuania,2016,9.115162645,13.14399015,377
24,440,Lithuania,2017,7.92072984,11.59665012,328
24,470,Malta,1993,2.516115659,2.467815572,9
24,470,Malta,1994,4.021720429,4.891543608,18
24,470,Malta,1995,2.652247359,3.505715665,13
24,470,Malta,1996,6.011114026,6.969033368,26
24,470,Malta,1997,5.326166562,6.661816864,25
24,470,Malta,1998,5.839695876,7.151313855,27
24,470,Malta,1999,7.275179614,8.946403151,34
24,470,Malta,2000,5.386890291,6.554746554,25
24,470,Malta,2001,5.256727179,6.105736085,24
24,470,Malta,2002,4.88918368,6.312876247,25
24,470,Malta,2003,5.011714166,7.27489834,29
24,470,Malta,2004,5.049989178,6.478765845,26
24,470,Malta,2005,5.850029049,6.691300566,27
24,470,Malta,2006,4.98202575,6.15077266,25
24,470,Malta,2007,4.651991214,6.844426193,28
24,470,Malta,2008,4.966636844,7.038817867,29
24,470,Malta,2009,5.173963218,6.763432055,28
24,470,Malta,2010,7.629188443,9.615500186,40
24,470,Malta,2011,11.00416974,14.85987379,62
24,470,Malta,2012,10.32456043,14.54087774,61
24,470,Malta,2013,9.833762541,12.91022231,55
24,470,Malta,2014,9.884521723,14.72598169,64
24,470,Malta,2015,9.801425781,13.92929758,62
24,470,Malta,2016,10.41337148,14.05327068,64
24,470,Malta,2017,11.21108276,15.38277471,72
24,474,"France, Martinique",1993,1.922574365,2.469528759,9
24,474,"France, Martinique",1994,2.59601787,2.726340814,10
24,474,"France, Martinique",1995,2.025331541,2.436251421,9
24,474,"France, Martinique",1996,3.548219564,3.760054789,14
24,474,"France, Martinique",1997,1.82408425,2.130271423,8
24,474,"France, Martinique",1998,3.488338148,4.221234922,16
24,474,"France, Martinique",1999,2.750166551,3.401271552,13
24,474,"France, Martinique",2000,3.909561076,4.67472971,18
24,474,"France, Martinique",2001,4.346659169,5.413557094,21
24,474,"France, Martinique",2002,4.235495927,4.865793726,19
24,474,"France, Martinique",2003,3.680767529,4.583021433,18
24,474,"France, Martinique",2004,4.984070159,6.583811926,26
24,474,"France, Martinique",2005,2.778928494,3.779775179,15
24,474,"France, Martinique",2006,6.184111242,7.52145495,30
24,474,"France, Martinique",2007,4.319207266,6.254018207,25
24,474,"France, Martinique",2008,5.531714118,7.54384862,30
24,474,"France, Martinique",2009,5.600398976,7.82063993,31
24,474,"France, Martinique",2010,7.083483962,8.372255866,33
24,474,"France, Martinique",2011,6.808121096,8.922380389,35
24,474,"France, Martinique",2012,7.027126852,9.527586225,37
24,474,"France, Martinique",2013,4.569503583,7.017963387,27
24,474,"France, Martinique",2014,5.493805369,7.060743313,27
24,474,"France, Martinique",2015,4.424836303,6.865973555,26
24,474,"France, Martinique",2016,6.503065634,9.878890147,37
24,474,"France, Martinique",2017,5.24819736,7.290952198,27
24,48,Bahrain,1998,2.977527228,2.635497516,10
24,48,Bahrain,1999,5.89134112,4.6306539,18
24,48,Bahrain,2000,4.937029436,3.51563579,14
24,48,Bahrain,2001,5.812068418,3.676767974,15
24,48,Bahrain,2002,4.312804345,3.110509214,13
24,48,Bahrain,2003,5.283835829,4.241421725,18
24,48,Bahrain,2004,6.135681848,4.792255715,21
24,48,Bahrain,2005,7.317157569,5.574247867,25
24,48,Bahrain,2006,2.629899847,2.178592281,10
24,48,Bahrain,2007,3.074997977,2.464763364,13
24,48,Bahrain,2008,3.206179654,2.603595193,14
24,48,Bahrain,2009,2.189847711,1.971287304,11
24,48,Bahrain,2010,3.987159706,3.870520532,22
24,48,Bahrain,2011,3.11335175,2.565470815,15
24,48,Bahrain,2012,2.998136542,2.668316576,16
24,48,Bahrain,2013,4.703895301,4.066164631,25
24,48,Bahrain,2014,7.80818699,7.134431719,45
24,48,Bahrain,2015,6.359430742,5.86569111,38
24,48,Bahrain,2016,6.699742238,6.619457896,44
24,48,Bahrain,2017,5.054322492,5.16600591,35
24,528,The Netherlands,1989,1.614842191,2.121914425,315
24,528,The Netherlands,1990,1.73346692,2.267762903,340
24,528,The Netherlands,1991,1.514276181,1.99260243,302
24,528,The Netherlands,1992,1.559811987,2.029554517,309
24,528,The Netherlands,1993,1.741837475,2.158222708,330
24,528,The Netherlands,1994,1.555526048,2.099744221,323
24,528,The Netherlands,1995,1.776214867,2.276991486,352
24,528,The Netherlands,1996,1.512640477,2.002512735,311
24,528,The Netherlands,1997,1.69568372,2.274090271,355
24,528,The Netherlands,1998,1.653559157,2.266476953,356
24,528,The Netherlands,1999,1.729950729,2.346307825,371
24,528,The Netherlands,2000,1.733944654,2.310759329,368
24,528,The Netherlands,2001,1.63690323,2.231062131,358
24,528,The Netherlands,2002,1.776186643,2.421214546,391
24,528,The Netherlands,2003,1.807993042,2.465286911,400
24,528,The Netherlands,2004,1.942950856,2.696266721,439
24,528,The Netherlands,2005,2.101316164,2.904436858,474
24,528,The Netherlands,2006,1.97563331,2.740716923,448
24,528,The Netherlands,2007,2.140325958,2.832431981,464
24,528,The Netherlands,2008,2.264114987,3.113298528,512
24,528,The Netherlands,2009,2.435204205,3.345355642,553
24,528,The Netherlands,2010,2.486982675,3.424536958,569
24,528,The Netherlands,2011,2.651072435,3.684165093,615
24,528,The Netherlands,2012,2.810142385,3.879450319,650
24,528,The Netherlands,2013,3.015031573,4.106062572,690
24,528,The Netherlands,2014,3.187345759,4.409547593,741
24,528,The Netherlands,2015,3.020503888,4.238506048,718
24,528,The Netherlands,2016,3.055792001,4.286470835,730
24,528,The Netherlands,2017,3.20125566,4.54081451,778
24,554,New Zealand,1983,2.123664845,2.325177644,75
24,554,New Zealand,1984,2.069736373,2.363246302,77
24,554,New Zealand,1985,1.988385291,2.226410721,73
24,554,New Zealand,1986,2.159933318,2.470830474,81
24,554,New Zealand,1987,2.320508426,2.629399711,87
24,554,New Zealand,1988,2.398497621,2.766110338,92
24,554,New Zealand,1989,2.52232945,2.931489885,98
24,554,New Zealand,1990,2.361485512,2.752114393,93
24,554,New Zealand,1991,2.456508298,2.873305305,97
24,554,New Zealand,1992,2.398236599,2.83753503,97
24,554,New Zealand,1993,2.098562972,2.559235042,91
24,554,New Zealand,1994,2.212913862,2.580666644,93
24,554,New Zealand,1995,2.697114972,3.22588582,118
24,554,New Zealand,1996,2.461681294,2.987316018,111
24,554,New Zealand,1997,3.691094321,4.332490757,163
24,554,New Zealand,1998,3.293161365,3.928413237,149
24,554,New Zealand,1999,3.934233064,4.51106128,172
24,554,New Zealand,2000,3.612599036,4.278699901,164
24,554,New Zealand,2001,2.999360856,3.654152481,142
24,554,New Zealand,2002,3.17193549,3.855822673,152
24,554,New Zealand,2003,3.830504702,4.663806864,187
24,554,New Zealand,2004,3.854628533,4.701631048,191
24,554,New Zealand,2005,3.309497904,4.072614472,167
24,554,New Zealand,2006,4.282190949,5.44551736,228
24,554,New Zealand,2007,4.779683669,5.95640479,252
24,554,New Zealand,2008,4.458058394,5.528919647,236
24,554,New Zealand,2009,4.025940982,5.214157016,225
24,554,New Zealand,2010,4.721883811,5.953048762,260
24,554,New Zealand,2011,4.759164817,6.016232476,265
24,554,New Zealand,2012,4.856745184,6.226474473,276
24,554,New Zealand,2013,5.291481648,6.686230081,297
24,554,New Zealand,2014,5.179423088,6.727032346,303
24,554,New Zealand,2015,5.265582901,6.869262666,315
24,554,New Zealand,2016,5.902187098,7.673604617,359
24,554,New Zealand,2017,5.252263537,6.840705978,326
24,578,Norway,1953,1.377234156,1.785242472,60
24,578,Norway,1954,1.592273394,2.091775316,71
24,578,Norway,1955,1.622218369,2.100227831,72
24,578,Norway,1956,1.500076012,1.935978911,67
24,578,Norway,1957,1.369335423,1.861430529,65
24,578,Norway,1958,1.401475586,1.873406806,66
24,578,Norway,1959,1.59006896,2.02653979,72
24,578,Norway,1960,1.96120319,2.624789912,94
24,578,Norway,1961,1.317522227,1.800653776,65
24,578,Norway,1962,1.842974999,2.335859497,85
24,578,Norway,1963,1.804834038,2.263716417,83
24,578,Norway,1964,1.727592528,2.327886305,86
24,578,Norway,1965,1.81260218,2.202425757,82
24,578,Norway,1966,1.880747232,2.504654928,94
24,578,Norway,1967,2.126493175,2.747406244,104
24,578,Norway,1968,2.546533125,3.351678098,128
24,578,Norway,1969,2.892630505,3.791245702,146
24,578,Norway,1970,2.346280975,3.094868154,120
24,578,Norway,1971,2.513963876,3.151390493,123
24,578,Norway,1972,2.809526648,3.610471792,142
24,578,Norway,1973,2.596227404,3.332817841,132
24,578,Norway,1974,2.875731996,3.613316879,144
24,578,Norway,1975,3.330418817,4.142426092,166
24,578,Norway,1976,2.938539412,3.700804602,149
24,578,Norway,1977,3.201812843,3.957256681,160
24,578,Norway,1978,3.227510332,4.163924595,169
24,578,Norway,1979,3.335909231,4.444425892,181
24,578,Norway,1980,3.716576771,4.895217862,200
24,578,Norway,1981,2.9534346,4.09785932,168
24,578,Norway,1982,3.690247077,5.127847444,211
24,578,Norway,1983,3.763957368,5.038232433,208
24,578,Norway,1984,3.53100079,4.540954214,188
24,578,Norway,1985,2.842653725,3.780840339,157
24,578,Norway,1986,3.181522276,4.296072861,179
24,578,Norway,1987,3.541883954,4.801551976,201
24,578,Norway,1988,3.233053536,4.204787899,177
24,578,Norway,1989,3.328675292,4.518676922,191
24,578,Norway,1990,3.032041992,4.125925121,175
24,578,Norway,1991,3.342521719,4.364422728,186
24,578,Norway,1992,3.357761077,4.432623596,190
24,578,Norway,1993,3.295632359,4.290991377,185
24,578,Norway,1994,2.775767324,3.75933,163
24,578,Norway,1995,3.276592764,4.404695635,192
24,578,Norway,1996,2.686586372,3.720410469,163
24,578,Norway,1997,2.611692948,3.518603709,155
24,578,Norway,1998,2.752295076,3.700808582,164
24,578,Norway,1999,2.662835677,3.697965424,165
24,578,Norway,2000,3.390708177,4.386583601,197
24,578,Norway,2001,3.169113251,4.142895787,187
24,578,Norway,2002,3.07719335,4.186719769,190
24,578,Norway,2003,3.055732578,4.184142123,191
24,578,Norway,2004,3.441758366,4.812812098,221
24,578,Norway,2005,3.71808942,5.126218531,237
24,578,Norway,2006,3.519843667,4.827625346,225
24,578,Norway,2007,3.500954836,4.947811735,233
24,578,Norway,2008,3.559945442,4.970417105,237
24,578,Norway,2009,4.036554806,5.384443576,260
24,578,Norway,2010,4.319561399,5.82911251,285
24,578,Norway,2011,4.445338889,6.117396472,303
24,578,Norway,2012,5.012784027,6.475945102,325
24,578,Norway,2013,5.071929688,7.06669891,359
24,578,Norway,2014,5.233532735,7.163116026,368
24,578,Norway,2015,5.033103059,7.148508924,371
24,578,Norway,2016,6.300750576,8.937862946,468
24,578,Norway,2017,5.883550946,8.148620221,430
24,578,Norway,2018,5.747089725,7.982056187,424
24,578,Norway,2019,6.095858208,8.676309337,464
24,578,Norway,2020,7.028078706,9.629193335,518
24,578,Norway,2021,6.936370174,9.873677027,534
24,578,Norway,2022,6.46904557,9.272278252,506
24,578,Norway,2023,6.186525767,9.004286276,497
24,608,Philippines,1983,7.546261401,4.549992854,177
24,608,Philippines,1984,6.136465224,3.946294973,156
24,608,Philippines,1985,5.413422624,3.234635481,130
24,608,Philippines,1986,6.386609984,4.235083875,173
24,608,Philippines,1987,6.511989847,3.972262533,165
24,608,Philippines,1988,5.446764166,3.454975283,146
24,608,Philippines,1989,7.062808571,4.696551615,202
24,608,Philippines,1990,5.968027201,4.224055792,185
24,608,Philippines,1991,6.260966376,4.168727933,188
24,608,Philippines,1992,6.282030051,4.263314352,198
24,608,Philippines,1993,5.526269138,3.742141764,179
24,608,Philippines,1994,6.426087303,4.282364937,211
24,608,Philippines,1995,7.437022333,5.338903129,271
24,608,Philippines,1996,6.942649785,4.627297922,242
24,608,Philippines,1997,7.161720665,5.102955372,275
24,608,Philippines,1998,6.648469128,5.117397936,265
24,608,Philippines,1999,6.965097742,5.421802851,283
24,608,Philippines,2000,7.298031587,5.673839345,300
24,608,Philippines,2001,7.377064825,5.616448818,303
24,608,Philippines,2002,7.696858109,5.721985613,315
24,608,Philippines,2003,8.672287143,6.710422657,377
24,608,Philippines,2004,7.714883989,6.208480785,356
24,608,Philippines,2005,8.27613052,6.73150553,394
24,608,Philippines,2006,8.276315209,6.845008424,409
24,608,Philippines,2007,8.690693908,6.802779075,415
24,608,Philippines,2008,7.164666972,5.878635804,367
24,608,Philippines,2009,6.658909798,5.737690309,367
24,608,Philippines,2010,6.534603668,5.547531448,364
24,608,Philippines,2011,6.672723397,5.935155753,400
24,608,Philippines,2012,5.64023856,5.179209298,359
24,608,Philippines,2013,8.00868488,6.845611357,446
24,608,Philippines,2014,8.715831306,7.701844031,508
24,608,Philippines,2015,8.706234822,7.923281071,529
24,608,Philippines,2016,9.197617106,8.305943319,558
24,608,Philippines,2017,7.334941614,6.745917389,456
24,616,Poland,1999,2.973660888,3.7430613,50
24,616,Poland,2000,4.640425152,5.916991352,79
24,616,Poland,2001,5.2055265,6.829719336,91
24,616,Poland,2002,7.83533443,9.937082977,130
24,616,Poland,2003,5.280098314,6.90505473,90
24,616,Poland,2004,5.632880076,7.692461542,100
24,616,Poland,2005,5.291981565,7.333274153,95
24,616,Poland,2006,5.394695825,7.208346801,93
24,616,Poland,2007,5.865693337,7.625859757,98
24,616,Poland,2008,5.732374667,7.651073571,98
24,616,Poland,2009,5.800780515,7.591576324,97
24,616,Poland,2010,5.64799006,7.861127348,101
24,616,Poland,2011,9.118689683,12.18631945,156
24,616,Poland,2012,7.267131282,9.721593934,124
24,616,Poland,2013,7.639521376,10.48698234,133
24,616,Poland,2014,9.419455677,12.82481618,162
24,616,Poland,2015,11.74008375,15.35183136,193
24,616,Poland,2016,10.26257684,14.12722484,177
24,616,Poland,2017,10.30872275,14.1857386,177
24,630,Puerto Rico,2003,5.168029475,6.162104604,239
24,630,Puerto Rico,2004,5.989543451,7.291644469,284
24,630,Puerto Rico,2005,6.576296576,7.975378575,312
24,630,Puerto Rico,2006,9.648945583,11.76237857,462
24,630,Puerto Rico,2007,13.15075523,16.10704207,635
24,630,Puerto Rico,2008,12.23648096,15.2769684,604
24,630,Puerto Rico,2009,13.80538451,17.84594413,708
24,630,Puerto Rico,2010,18.03514876,22.89447953,853
24,630,Puerto Rico,2011,16.8573963,21.44770671,795
24,630,Puerto Rico,2012,20.68373997,26.58788291,975
24,630,Puerto Rico,2013,23.12555508,30.22479062,1086
24,630,Puerto Rico,2014,23.39542019,30.04350367,1062
24,630,Puerto Rico,2015,27.23380225,35.26974299,1225
24,630,Puerto Rico,2016,24.83556109,32.23086931,1098
24,630,Puerto Rico,2017,19.58072282,25.8624371,860
24,634,Qatar,2003,9.005189883,7.073598067,13
24,634,Qatar,2004,3.028574544,2.607589127,5
24,634,Qatar,2005,7.410255859,5.488419435,11
24,634,Qatar,2006,2.943630396,2.391440556,5
24,634,Qatar,2007,4.186162697,2.752154708,6
24,634,Qatar,2008,5.434108004,4.345200075,10
24,634,Qatar,2009,8.240113006,5.956432948,14
24,634,Qatar,2010,5.345015326,3.590162954,9
24,634,Qatar,2011,4.721049093,3.801529736,10
24,634,Qatar,2012,3.699527725,2.963972909,8
24,634,Qatar,2013,5.181646112,3.732415657,10
24,634,Qatar,2014,7.154981896,5.085416841,14
24,634,Qatar,2015,5.19855173,4.602112015,13
24,634,Qatar,2016,8.961590808,6.487497909,19
24,634,Qatar,2017,10.33144127,7.638429937,23
24,705,Slovenia,1983,1.295015493,1.585737664,30
24,705,Slovenia,1984,1.432122731,1.74431143,33
24,705,Slovenia,1985,2.193498362,2.642896107,50
24,705,Slovenia,1986,1.84891905,2.372791852,47
24,705,Slovenia,1987,2.040949777,2.513242274,50
24,705,Slovenia,1988,1.902173847,2.3500141,47
24,705,Slovenia,1989,2.096680575,2.705002903,54
24,705,Slovenia,1990,1.549827292,2.102006365,42
24,705,Slovenia,1991,2.491523747,3.147365655,63
24,705,Slovenia,1992,2.343165284,3.006265056,60
24,705,Slovenia,1993,2.507983747,3.315544932,66
24,705,Slovenia,1994,2.61386312,3.419061267,68
24,705,Slovenia,1995,2.48363942,3.421375041,68
24,705,Slovenia,1996,2.28698273,3.063527003,61
24,705,Slovenia,1997,2.824228187,3.724492261,74
24,705,Slovenia,1998,3.116401633,4.085538053,81
24,705,Slovenia,1999,3.684550076,5.13709755,102
24,705,Slovenia,2000,3.404758286,4.67272815,93
24,705,Slovenia,2001,3.386377115,4.618392749,92
24,705,Slovenia,2002,3.941075749,5.261264367,105
24,705,Slovenia,2003,4.227814144,6.009696646,120
24,705,Slovenia,2004,5.217192067,6.810201682,136
24,705,Slovenia,2005,5.846926555,7.695713488,154
24,705,Slovenia,2006,5.122118668,6.820956368,137
24,705,Slovenia,2007,4.951646891,6.932731704,140
24,705,Slovenia,2008,6.102448306,8.800427562,178
24,705,Slovenia,2009,5.312504797,7.491425256,153
24,705,Slovenia,2010,5.561253273,7.466106074,153
24,705,Slovenia,2011,5.246547142,7.308175022,150
24,705,Slovenia,2012,5.252386312,7.489317995,154
24,705,Slovenia,2013,5.700826436,7.916026019,163
24,705,Slovenia,2014,6.558733677,8.925007142,184
24,705,Slovenia,2015,6.852254227,9.985085385,206
24,705,Slovenia,2016,6.925048031,9.882567006,204
24,705,Slovenia,2017,6.908436382,10.21217611,211
24,724,Spain,1993,3.400628079,4.1061392,283
24,724,Spain,1994,3.525295681,4.287306714,297
24,724,Spain,1995,3.295543426,4.045847196,282
24,724,Spain,1996,3.485562966,4.373261112,307
24,724,Spain,1997,3.477003332,4.477295577,316
24,724,Spain,1998,4.188833315,5.304409808,377
24,724,Spain,1999,4.073286296,5.134547468,368
24,724,Spain,2000,4.232060035,5.590407799,405
24,724,Spain,2001,3.925200642,5.162585439,380
24,724,Spain,2002,4.166564487,5.435927403,408
24,724,Spain,2003,4.619188691,5.999266989,458
24,724,Spain,2004,4.483637635,5.974891805,464
24,724,Spain,2005,4.495437161,5.995940937,475
24,724,Spain,2006,4.702076171,6.441203847,519
24,724,Spain,2007,5.828341373,7.836287642,643
24,724,Spain,2008,6.507164618,8.957372606,748
24,724,Spain,2009,6.19746234,8.659806662,731
24,724,Spain,2010,7.235142181,9.856653406,837
24,724,Spain,2011,6.836475317,9.592167344,817
24,724,Spain,2012,7.335591545,10.08436864,860
24,724,Spain,2013,8.09539325,11.21336219,954
24,724,Spain,2014,7.916933912,11.29372113,957
24,724,Spain,2015,7.316980749,10.36957741,878
24,724,Spain,2016,7.773437274,10.96204463,928
24,752,Sweden,1960,2.12383103,2.805736422,210
24,752,Sweden,1961,2.231872341,3.018614613,227
24,752,Sweden,1962,2.331403715,3.147482847,238
24,752,Sweden,1963,2.169758236,2.879935489,219
24,752,Sweden,1964,2.26991873,3.14565437,241
24,752,Sweden,1965,2.150856975,2.922213269,226
24,752,Sweden,1966,2.134821897,2.971384542,232
24,752,Sweden,1967,2.314712345,3.10119176,244
24,752,Sweden,1968,2.656349063,3.538930447,280
24,752,Sweden,1969,2.342322035,3.413766868,272
24,752,Sweden,1970,2.372950079,3.245173209,261
24,752,Sweden,1971,2.463457603,3.482270796,282
24,752,Sweden,1972,2.873809932,4.062960623,330
24,752,Sweden,1973,2.608294624,3.711538263,302
24,752,Sweden,1974,2.620711357,3.725229978,304
24,752,Sweden,1975,2.7566761,3.881564436,318
24,752,Sweden,1976,3.085672317,4.378326312,360
24,752,Sweden,1977,2.894732982,4.084028214,337
24,752,Sweden,1978,2.761291248,3.987537134,330
24,752,Sweden,1979,3.117238406,4.581773872,380
24,752,Sweden,1980,3.149130894,4.428143209,368
24,752,Sweden,1981,2.950051763,4.254555078,354
24,752,Sweden,1982,2.926905645,4.252115878,354
24,752,Sweden,1983,2.755060604,4.142135022,345
24,752,Sweden,1984,2.778350566,4.114384199,343
24,752,Sweden,1985,2.898938124,4.299199882,359
24,752,Sweden,1986,2.67957218,3.954676303,331
24,752,Sweden,1987,2.561641267,3.917687597,329
24,752,Sweden,1988,2.412968297,3.555979955,300
24,752,Sweden,1989,2.51453697,3.873792089,329
24,752,Sweden,1990,2.642349925,3.820610758,327
24,752,Sweden,1991,2.343376847,3.446521989,297
24,752,Sweden,1992,2.701550665,3.841681646,333
24,752,Sweden,1993,2.223751568,3.211535468,280
24,752,Sweden,1994,2.38616439,3.530448122,310
24,752,Sweden,1995,2.639064542,3.727222169,329
24,752,Sweden,1996,2.303800649,3.31410249,293
24,752,Sweden,1997,2.485388405,3.515684702,311
24,752,Sweden,1998,2.195042599,3.152191892,279
24,752,Sweden,1999,2.120474758,2.912659173,258
24,752,Sweden,2000,2.426269165,3.415193146,303
24,752,Sweden,2001,2.073968677,3.147494044,280
24,752,Sweden,2002,2.508170969,3.596651148,321
24,752,Sweden,2003,2.337392286,3.203754309,287
24,752,Sweden,2004,2.918754721,4.036230899,363
24,752,Sweden,2005,2.928258983,4.097642161,370
24,752,Sweden,2006,2.831636096,4.074659659,370
24,752,Sweden,2007,2.779258834,3.83686146,351
24,752,Sweden,2008,3.100824739,4.197557217,387
24,752,Sweden,2009,3.154284765,4.387792688,408
24,752,Sweden,2010,3.371367393,4.595795519,431
24,752,Sweden,2011,3.586889762,5.016285997,474
24,752,Sweden,2012,3.780813309,5.431023118,517
24,752,Sweden,2013,4.258141827,5.676853303,545
24,752,Sweden,2014,4.527590806,5.971460749,579
24,752,Sweden,2015,4.428308279,6.020901509,590
24,752,Sweden,2016,4.447276403,6.167430625,612
24,752,Sweden,2017,4.609106263,6.283737181,632
24,752,Sweden,2018,4.649575659,6.545310452,666
24,752,Sweden,2019,4.838247944,6.790611872,698
24,752,Sweden,2020,4.2649053,5.930388635,614
24,752,Sweden,2021,5.553911461,8.016653133,835
24,752,Sweden,2022,4.744768267,6.627283755,695
24,756,Switzerland,1998,3.184354393,4.359125747,79
24,756,Switzerland,1999,3.122728898,4.389849351,80
24,756,Switzerland,2000,3.87254858,5.123160227,94
24,756,Switzerland,2001,3.455266202,5.146153467,95
24,756,Switzerland,2002,4.813970022,6.551883398,122
24,756,Switzerland,2003,4.797566577,6.592164574,124
24,756,Switzerland,2004,5.075072227,6.894232475,131
24,756,Switzerland,2005,5.38868822,7.616154176,146
24,756,Switzerland,2006,4.452157728,6.156284791,119
24,756,Switzerland,2007,5.810087272,7.988071147,156
24,756,Switzerland,2008,5.963444907,8.021952907,159
24,756,Switzerland,2009,7.072358794,9.781514725,197
24,756,Switzerland,2010,6.715500483,9.79823475,200
24,756,Switzerland,2011,7.474249517,10.33572673,213
24,756,Switzerland,2012,8.73437248,11.95082595,249
24,756,Switzerland,2013,8.977661875,12.31953656,260
24,756,Switzerland,2014,9.254642945,12.70000761,272
24,756,Switzerland,2015,7.82881846,11.24687254,244
24,756,Switzerland,2016,7.472749826,10.75676582,236
24,756,Switzerland,2017,7.806363614,11.15805727,247
24,764,Thailand,1993,2.453611761,2.419924889,119
24,764,Thailand,1994,2.573280363,2.56127859,127
24,764,Thailand,1995,2.36725551,2.478801252,124
24,764,Thailand,1996,2.261716782,2.336866425,118
24,764,Thailand,1997,1.97785991,2.156941833,110
24,764,Thailand,1998,2.578877312,2.677802184,138
24,764,Thailand,1999,3.109954338,3.32014105,173
24,764,Thailand,2000,3.051723979,3.319817566,175
24,764,Thailand,2001,3.349969231,3.675381321,196
24,764,Thailand,2002,3.609847098,4.018525025,214
24,764,Thailand,2003,2.983150971,3.463489393,185
24,764,Thailand,2004,2.559143585,3.048340319,163
24,764,Thailand,2005,2.345292226,2.714711356,146
24,764,Thailand,2006,3.142132265,3.749457899,203
24,764,Thailand,2007,2.639091149,3.18951142,174
24,764,Thailand,2008,2.655721431,3.326002799,183
24,764,Thailand,2009,2.705313331,3.330658005,185
24,764,Thailand,2010,2.711744127,3.474263723,195
24,764,Thailand,2011,3.374919897,4.287417054,241
24,764,Thailand,2012,3.146427235,4.0164925,226
24,764,Thailand,2013,4.008013305,5.072471093,276
24,764,Thailand,2014,3.953390152,4.982802005,272
24,764,Thailand,2015,3.862724449,4.987153968,273
24,764,Thailand,2016,4.639375244,5.855288995,321
24,764,Thailand,2017,3.711483611,4.825243342,265
24,792,Trkiye,1998,2.91641126,3.000339082,136
24,792,Trkiye,1999,2.716800888,2.898149993,135
24,792,Trkiye,2000,3.30662618,3.46432179,165
24,792,Trkiye,2001,3.60970194,3.876799438,188
24,792,Trkiye,2002,3.226578239,3.446626655,170
24,792,Trkiye,2003,4.455585082,4.845696473,243
24,792,Trkiye,2004,5.976128486,6.634638276,340
24,792,Trkiye,2005,7.579731115,8.668882598,455
24,792,Trkiye,2006,8.975313158,10.27865796,551
24,792,Trkiye,2007,10.81970954,12.56847565,683
24,792,Trkiye,2008,11.49969819,13.27968881,751
24,792,Trkiye,2009,11.68930196,13.64884157,790
24,792,Trkiye,2010,11.54008029,13.61524138,807
24,792,Trkiye,2011,12.9599004,15.41095149,926
24,792,Trkiye,2012,14.55038756,17.6287423,1075
24,792,Trkiye,2013,14.87010124,18.18521229,1131
24,792,Trkiye,2014,15.61186725,19.05097422,1207
24,792,Trkiye,2015,15.28639667,18.78618916,1213
24,792,Trkiye,2016,15.7798009,19.5967705,1284
24,792,Trkiye,2017,17.32528652,21.62829939,1437
24,800,Uganda,1993,2.47936532,0.8867441504,10
24,800,Uganda,1994,0.9189785582,0.5094325685,6
24,800,Uganda,1995,2.752965774,1.138015236,14
24,800,Uganda,1996,2.449858385,0.7003166209,9
24,800,Uganda,1997,3.156070321,1.191650995,16
24,800,Uganda,1998,2.36943309,0.9978937314,14
24,800,Uganda,1999,1.414176194,0.6820738045,10
24,800,Uganda,2000,0.5554511082,0.2610446354,4
24,800,Uganda,2001,0.1071567301,0.1873046179,3
24,800,Uganda,2002,0.7600506308,0.2986172825,5
24,800,Uganda,2003,2.832932139,0.9215501626,16
24,800,Uganda,2004,2.201127658,0.8330459325,15
24,800,Uganda,2005,2.043478734,0.6424928723,12
24,800,Uganda,2006,2.424515074,0.8257472109,16
24,800,Uganda,2007,3.138399876,0.8455637498,17
24,800,Uganda,2008,1.122054978,0.5272178618,11
24,800,Uganda,2009,0.9296387042,0.4155934351,9
24,800,Uganda,2010,2.081554711,0.667235151,15
24,800,Uganda,2011,1.56778527,0.5569560382,13
24,800,Uganda,2012,1.510591579,0.5775994554,14
24,800,Uganda,2013,2.837872923,1.112263098,28
24,800,Uganda,2014,1.555959569,0.5736150829,15
24,800,Uganda,2015,1.496000868,0.4826674132,13
24,800,Uganda,2016,0.5379029218,0.2886264232,8
24,800,Uganda,2017,1.934742988,0.5964629746,17
24,8260,"UK, England",1971,0.8859437148,1.277695064,593
24,8260,"UK, England",1972,0.915455224,1.286183299,599
24,8260,"UK, England",1973,0.9574424884,1.383706534,646
24,8260,"UK, England",1974,1.024425217,1.448073912,676
24,8260,"UK, England",1975,0.9964414736,1.422621394,664
24,8260,"UK, England",1976,1.117382176,1.588087416,741
24,8260,"UK, England",1977,1.084458103,1.571619089,733
24,8260,"UK, England",1978,0.9285329855,1.329382352,620
24,8260,"UK, England",1979,1.013482477,1.456162028,680
24,8260,"UK, England",1980,1.218937836,1.731242733,810
24,8260,"UK, England",1981,1.177461065,1.663779792,779
24,8260,"UK, England",1982,1.249111265,1.749786885,819
24,8260,"UK, England",1983,1.208341222,1.702429055,798
24,8260,"UK, England",1984,1.127535773,1.612666452,758
24,8260,"UK, England",1985,1.064923515,1.536632253,725
24,8260,"UK, England",1986,1.162674917,1.607428389,761
24,8260,"UK, England",1987,1.136664269,1.610953642,765
24,8260,"UK, England",1988,1.18084199,1.668996964,795
24,8260,"UK, England",1989,1.200449014,1.675434285,801
24,8260,"UK, England",1990,1.231056313,1.708618103,820
24,8260,"UK, England",1991,1.312876508,1.866941038,900
24,8260,"UK, England",1992,1.348966192,1.860292066,900
24,8260,"UK, England",1993,1.333229759,1.848219363,897
24,8260,"UK, England",1994,1.48217618,2.020160545,984
24,8260,"UK, England",1995,1.386924022,1.853939304,897
24,8260,"UK, England",1996,1.43755073,1.978601059,960
24,8260,"UK, England",1997,1.494124142,2.040490189,993
24,8260,"UK, England",1998,1.586506884,2.193746846,1071
24,8260,"UK, England",1999,1.603528074,2.194446207,1076
24,8260,"UK, England",2000,1.722696269,2.364252934,1164
24,8260,"UK, England",2001,1.834487091,2.487373747,1230
24,8260,"UK, England",2002,1.881469395,2.548346778,1266
24,8260,"UK, England",2003,1.997580908,2.681995261,1339
24,8260,"UK, England",2004,2.128013014,2.844927542,1428
24,8260,"UK, England",2005,2.238647717,3.00952254,1523
24,8260,"UK, England",2006,2.490954111,3.361117921,1713
24,8260,"UK, England",2007,2.637523455,3.586922528,1843
24,8260,"UK, England",2008,2.664592174,3.579985453,1855
24,8260,"UK, England",2009,2.960852928,3.961960505,2068
24,8260,"UK, England",2010,3.203296364,4.258920158,2242
24,8260,"UK, England",2011,3.316686193,4.415599709,2345
24,8260,"UK, England",2012,3.651942876,4.899639732,2621
24,8260,"UK, England",2013,3.963777443,5.290925041,2850
24,8260,"UK, England",2014,4.09246059,5.436641876,2953
24,8260,"UK, England",2015,4.235619732,5.614539555,3076
24,8260,"UK, England",2016,4.30755674,5.674162623,3136
24,8260,"UK, England",2017,4.41805639,5.904411462,3284
24,8261,"UK, Wales",2003,1.933937084,2.382799456,70
24,8261,"UK, Wales",2004,2.087379185,2.772685129,82
24,8261,"UK, Wales",2005,2.021524856,2.82894101,84
24,8261,"UK, Wales",2006,1.846805271,2.612480691,78
24,8261,"UK, Wales",2007,1.942066067,2.561288814,77
24,8261,"UK, Wales",2008,2.06481852,2.776063852,84
24,8261,"UK, Wales",2009,2.074641451,2.961625235,90
24,8261,"UK, Wales",2010,3.204986128,4.262335609,130
24,8261,"UK, Wales",2011,2.316070067,3.166046404,97
24,8261,"UK, Wales",2012,2.456488151,3.480730901,107
24,8261,"UK, Wales",2013,3.01809899,4.087707938,126
24,8261,"UK, Wales",2014,2.935812556,3.945620297,122
24,8261,"UK, Wales",2015,2.471692571,3.452630872,107
24,8261,"UK, Wales",2016,2.89679722,3.854616707,120
24,8261,"UK, Wales",2017,3.357159763,4.60775671,144
24,8262,"UK, Scotland",1978,1.33917175,1.73765301,90
24,8262,"UK, Scotland",1979,1.215074774,1.819237469,94
24,8262,"UK, Scotland",1980,1.473215113,1.940504143,100
24,8262,"UK, Scotland",1981,1.197446992,1.563646191,81
24,8262,"UK, Scotland",1982,1.357053659,2.013732104,104
24,8262,"UK, Scotland",1983,1.438721175,1.96188123,101
24,8262,"UK, Scotland",1984,1.330412991,1.790273367,92
24,8262,"UK, Scotland",1985,1.670937038,2.379146199,122
24,8262,"UK, Scotland",1986,1.500604818,1.936710644,99
24,8262,"UK, Scotland",1987,1.36748981,1.804268271,92
24,8262,"UK, Scotland",1988,1.477867819,2.028581332,103
24,8262,"UK, Scotland",1989,1.448039356,1.910129396,97
24,8262,"UK, Scotland",1990,1.41393113,1.987692053,101
24,8262,"UK, Scotland",1991,1.410845482,1.908197973,97
24,8262,"UK, Scotland",1992,1.727086675,2.300604449,117
24,8262,"UK, Scotland",1993,1.692564307,2.179693115,111
24,8262,"UK, Scotland",1994,1.616515177,2.136329159,109
24,8262,"UK, Scotland",1995,1.745698115,2.410020985,123
24,8262,"UK, Scotland",1996,2.029400343,2.611842842,133
24,8262,"UK, Scotland",1997,1.894454011,2.714750538,138
24,8262,"UK, Scotland",1998,1.675848873,2.225693166,113
24,8262,"UK, Scotland",1999,1.839596656,2.681414446,136
24,8262,"UK, Scotland",2000,2.131817816,2.804694506,142
24,8262,"UK, Scotland",2001,2.218026788,2.942221871,149
24,8262,"UK, Scotland",2002,1.801803662,2.506908804,127
24,8262,"UK, Scotland",2003,2.086644477,3.018644569,153
24,8262,"UK, Scotland",2004,2.285754973,3.107605767,158
24,8262,"UK, Scotland",2005,2.173123461,3.013580682,154
24,8262,"UK, Scotland",2006,2.128835068,2.88324794,148
24,8262,"UK, Scotland",2007,2.854383455,3.965183752,205
24,8262,"UK, Scotland",2008,2.552330744,3.382728863,176
24,8262,"UK, Scotland",2009,2.742465053,3.708021942,194
24,8262,"UK, Scotland",2010,3.384797908,4.636843906,244
24,8262,"UK, Scotland",2011,3.376771265,4.566123889,242
24,8262,"UK, Scotland",2012,3.255878532,4.591990364,244
24,8262,"UK, Scotland",2013,3.631155671,4.917694315,262
24,8262,"UK, Scotland",2014,3.642522734,4.918094098,263
24,8262,"UK, Scotland",2015,3.920868731,5.453191885,293
24,8262,"UK, Scotland",2016,4.188400957,5.698743686,308
24,8262,"UK, Scotland",2017,4.027614091,5.493290075,298
24,8263,"UK, Northern Ireland",1993,2.92723413,3.607344799,59
24,8263,"UK, Northern Ireland",1994,2.699545757,3.285257044,54
24,8263,"UK, Northern Ireland",1995,2.166612911,2.607433855,43
24,8263,"UK, Northern Ireland",1996,2.014169206,2.527454474,42
24,8263,"UK, Northern Ireland",1997,2.218093423,2.872082817,48
24,8263,"UK, Northern Ireland",1998,2.315614957,2.920545081,49
24,8263,"UK, Northern Ireland",1999,2.214500924,2.680157188,45
24,8263,"UK, Northern Ireland",2000,1.982497636,2.673885762,45
24,8263,"UK, Northern Ireland",2001,2.10144906,2.901403213,49
24,8263,"UK, Northern Ireland",2002,2.976463445,4.24144671,72
24,8263,"UK, Northern Ireland",2003,2.075812721,2.69806748,46
24,8263,"UK, Northern Ireland",2004,1.49456319,1.750248827,30
24,8263,"UK, Northern Ireland",2005,2.375275128,3.067603617,53
24,8263,"UK, Northern Ireland",2006,2.051828058,2.638956855,46
24,8263,"UK, Northern Ireland",2007,2.354523776,3.178778475,56
24,8263,"UK, Northern Ireland",2008,2.58921633,3.541012797,63
24,8263,"UK, Northern Ireland",2009,3.02437163,3.959108543,71
24,8263,"UK, Northern Ireland",2010,3.774681129,4.875797373,88
24,8263,"UK, Northern Ireland",2011,3.124166827,4.244018965,77
24,8263,"UK, Northern Ireland",2012,3.761786296,4.990036378,91
24,8263,"UK, Northern Ireland",2013,2.731649732,3.771058492,69
24,8263,"UK, Northern Ireland",2014,3.228061938,3.80331845,70
24,8263,"UK, Northern Ireland",2015,2.862578112,3.726464541,69
24,8263,"UK, Northern Ireland",2016,4.116652274,5.262770677,98
24,8263,"UK, Northern Ireland",2017,5.954469897,7.697101934,144
24,840,USA,1978,4.115845573,4.587424183,965
24,840,USA,1979,3.601492872,4.103879967,873
24,840,USA,1980,3.500359882,3.981084784,857
24,840,USA,1981,3.678772098,4.167965122,904
24,840,USA,1982,3.716316737,4.270828054,932
24,840,USA,1983,3.905829463,4.482144971,986
24,840,USA,1984,3.945682337,4.604073344,1022
24,840,USA,1985,4.231061399,4.856407751,1089
24,840,USA,1986,4.354922122,5.016698851,1136
24,840,USA,1987,4.102316774,4.809233238,1100
24,840,USA,1988,4.011699707,4.768278538,1102
24,840,USA,1989,4.329920899,5.160722236,1205
24,840,USA,1990,4.47044306,5.249926514,1242
24,840,USA,1991,4.475678371,5.316972393,1276
24,840,USA,1992,4.832096669,5.749334671,1401
24,840,USA,1993,4.556516303,5.49910331,1359
24,840,USA,1994,5.013001934,5.958735576,1491
24,840,USA,1995,5.207388421,6.144442464,1557
24,840,USA,1996,5.395721143,6.451496209,1655
24,840,USA,1997,5.557597322,6.650129267,1727
24,840,USA,1998,5.769424466,6.910717941,1815
24,840,USA,1999,5.991060115,7.239639651,1920
24,840,USA,2000,6.271012471,7.589348243,2033
24,840,USA,2001,6.843864856,8.309217787,2245
24,840,USA,2002,7.594939024,9.243222649,2511
24,840,USA,2003,7.842807151,9.696434917,2647
24,840,USA,2004,8.282851637,10.17905041,2795
24,840,USA,2005,8.804985049,11.06899287,3062
24,840,USA,2006,9.236890641,11.55084615,3229
24,840,USA,2007,9.953975,12.52265056,3533
24,840,USA,2008,10.6370522,13.44020601,3830
24,840,USA,2009,11.74215601,14.75131011,4245
24,840,USA,2010,11.3224729,14.32746526,4157
24,840,USA,2011,11.91859426,15.24088506,4462
24,840,USA,2012,12.19541228,15.53828463,4591
24,840,USA,2013,12.36574411,15.72353382,4684
24,840,USA,2014,12.36396793,15.78592501,4742
24,840,USA,2015,12.34674616,15.80764541,4789
24,840,USA,2016,11.97106183,15.30855772,4680
24,840,USA,2017,11.20621445,14.39440875,4433
24,8401,USA: White,1978,4.060756081,4.583766323,811
24,8401,USA: White,1979,3.569891523,4.141487814,738
24,8401,USA: White,1980,3.477267142,4.063403135,729
24,8401,USA: White,1981,3.682367315,4.248735293,765
24,8401,USA: White,1982,3.654719561,4.28966667,774
24,8401,USA: White,1983,3.973830559,4.619468649,837
24,8401,USA: White,1984,3.835929196,4.622996553,842
24,8401,USA: White,1985,4.261646436,4.938496618,905
24,8401,USA: White,1986,4.331072382,5.088012307,938
24,8401,USA: White,1987,4.127116294,4.922576711,913
24,8401,USA: White,1988,4.011261596,4.86320261,908
24,8401,USA: White,1989,4.42710071,5.396125071,1014
24,8401,USA: White,1990,4.564103279,5.452660178,1034
24,8401,USA: White,1991,4.68223569,5.661713702,1085
24,8401,USA: White,1992,4.893897179,5.903019276,1144
24,8401,USA: White,1993,4.656672056,5.734484183,1122
24,8401,USA: White,1994,5.196488442,6.268759046,1236
24,8401,USA: White,1995,5.394076451,6.479278357,1288
24,8401,USA: White,1996,5.572287936,6.797847827,1362
24,8401,USA: White,1997,5.833167975,7.124596518,1439
24,8401,USA: White,1998,5.977573535,7.275660061,1480
24,8401,USA: White,1999,6.225944808,7.625435854,1560
24,8401,USA: White,2000,6.682102977,8.213162144,1689
24,8401,USA: White,2001,7.188027131,8.867574423,1831
24,8401,USA: White,2002,8.083669286,9.974505512,2062
24,8401,USA: White,2003,8.443101142,10.62648364,2199
24,8401,USA: White,2004,8.818720054,11.08788983,2299
24,8401,USA: White,2005,9.621537264,12.34625631,2569
24,8401,USA: White,2006,9.959818585,12.67722682,2654
24,8401,USA: White,2007,10.67657003,13.63393548,2870
24,8401,USA: White,2008,11.48577138,14.7335628,3121
24,8401,USA: White,2009,12.70795499,16.16133404,3444
24,8401,USA: White,2010,12.09160528,15.4927821,3317
24,8401,USA: White,2011,12.70635579,16.56808825,3566
24,8401,USA: White,2012,12.95132847,16.72027507,3618
24,8401,USA: White,2013,13.4471621,17.2592464,3751
24,8401,USA: White,2014,13.31562748,17.181648,3750
24,8401,USA: White,2015,13.34898438,17.25445678,3781
24,8401,USA: White,2016,12.74239931,16.4427513,3621
24,8401,USA: White,2017,11.85847717,15.29810415,3380
24,8402,USA: Black,1978,2.358727527,2.302793877,47
24,8402,USA: Black,1979,2.533073959,2.487268295,52
24,8402,USA: Black,1980,1.991466375,1.852023335,40
24,8402,USA: Black,1981,1.883523284,1.78135307,39
24,8402,USA: Black,1982,2.642428547,2.615936738,58
24,8402,USA: Black,1983,2.271433423,2.26421025,51
24,8402,USA: Black,1984,2.450114086,2.268013809,52
24,8402,USA: Black,1985,2.234973992,2.13444256,50
24,8402,USA: Black,1986,2.603432314,2.677156659,64
24,8402,USA: Black,1987,2.173166509,2.212480026,54
24,8402,USA: Black,1988,2.001300373,2.050074064,51
24,8402,USA: Black,1989,2.040865172,2.089091474,53
24,8402,USA: Black,1990,2.655457916,2.692193792,70
24,8402,USA: Black,1991,2.461671894,2.47677275,66
24,8402,USA: Black,1992,3.353521696,3.333463986,91
24,8402,USA: Black,1993,2.69958538,2.790858436,78
24,8402,USA: Black,1994,2.95812161,2.936490013,84
24,8402,USA: Black,1995,2.406608837,2.528965195,74
24,8402,USA: Black,1996,3.15154324,3.173815156,95
24,8402,USA: Black,1997,3.22859551,3.205220454,98
24,8402,USA: Black,1998,3.212727564,3.327873275,104
24,8402,USA: Black,1999,3.506755072,3.695359568,118
24,8402,USA: Black,2000,3.509146902,3.742483973,122
24,8402,USA: Black,2001,3.819336989,3.866698003,128
24,8402,USA: Black,2002,4.178756654,4.570150465,153
24,8402,USA: Black,2003,4.275579456,4.618647731,156
24,8402,USA: Black,2004,5.243491883,5.570045818,190
24,8402,USA: Black,2005,4.472397564,4.98157974,172
24,8402,USA: Black,2006,5.090713157,5.536817137,195
24,8402,USA: Black,2007,5.743454358,6.460147045,231
24,8402,USA: Black,2008,5.552223457,6.208018276,225
24,8402,USA: Black,2009,6.851922875,7.82574458,288
24,8402,USA: Black,2010,6.836779487,7.806637896,291
24,8402,USA: Black,2011,7.14213391,8.221949273,311
24,8402,USA: Black,2012,7.511372679,8.708811753,334
24,8402,USA: Black,2013,7.079869193,8.271692901,321
24,8402,USA: Black,2014,7.737788038,9.055941041,356
24,8402,USA: Black,2015,6.944500712,8.374323222,334
24,8402,USA: Black,2016,7.232751456,8.627376917,349
24,8402,USA: Black,2017,6.495693686,7.928525199,325
